date,real_outstanding_shares,rs_adjusted_os,Open,High,Low,Close,Volume,Dividends,Stock Splits,market_capitalization
2021-08-03,,216171.0,320.25,330.0,288.25,295.0,71020,0.0,0.0,63770445.0
2021-08-04,,216171.0,290.75,292.75,272.5,279.75,6836,0.0,0.0,60473837.25
2021-08-05,,216171.0,282.0,298.5,281.25,293.25,14668,0.0,0.0,63392145.75
2021-08-06,,216171.0,295.75,297.25,288.75,292.25,2212,0.0,0.0,63175974.75
2021-08-09,,216171.0,292.25,307.0,285.0,300.5,7308,0.0,0.0,64959385.5
2021-08-10,,216171.0,303.25,307.25,290.5,297.25,13488,0.0,0.0,64256829.75
2021-08-11,,216171.0,300.0,300.75,286.0,293.25,9420,0.0,0.0,63392145.75
2021-08-12,,216171.0,291.25,296.5,281.5,287.5,7096,0.0,0.0,62149162.5
2021-08-13,5404287.0,216171.0,288.5,289.0,276.75,279.0,6836,0.0,0.0,60311709.0
2021-08-16,,223903.87096774194,280.25,280.25,262.5,272.25,10200,0.0,0.0,60957828.870967746
2021-08-17,,231636.74193548388,267.0,272.25,239.5,252.5,13380,0.0,0.0,58488277.33870968
2021-08-18,,239369.61290322582,253.75,266.0,250.0,257.75,7148,0.0,0.0,61697517.72580645
2021-08-19,,247102.48387096776,255.0,256.5,244.0,246.75,4324,0.0,0.0,60972537.89516129
2021-08-20,,254835.3548387097,248.75,258.5,248.75,254.75,3584,0.0,0.0,64919306.64516129
2021-08-23,,262568.22580645164,256.75,276.75,256.75,272.5,9584,0.0,0.0,71549841.53225806
2021-08-24,,270301.0967741936,273.5,289.5,268.75,278.75,37012,0.0,0.0,75346430.72580646
2021-08-25,,278033.9677419355,280.5,282.25,268.75,278.5,22120,0.0,0.0,77432460.01612905
2021-08-26,,285766.83870967745,275.75,278.0,260.5,265.25,12588,0.0,0.0,75799653.96774195
2021-08-27,,293499.7096774194,265.25,265.25,246.0,250.75,10396,0.0,0.0,73595052.20161292
2021-08-30,,301232.5806451613,253.75,261.5,242.5,252.25,16032,0.0,0.0,75985918.46774194
2021-08-31,,308965.4516129032,250.0,337.25,244.5,273.5,428100,0.0,0.0,84502051.01612903
2021-09-01,,316698.32258064515,263.25,275.5,244.75,247.5,43164,0.0,0.0,78382834.83870968
2021-09-02,,324431.1935483871,248.0,254.75,245.75,250.0,15320,0.0,0.0,81107798.38709678
2021-09-03,,332164.06451612903,249.25,251.0,240.0,244.25,21660,0.0,0.0,81131072.75806451
2021-09-07,,339896.93548387097,244.75,246.25,238.75,243.75,8536,0.0,0.0,82849878.02419356
2021-09-08,,347629.8064516129,242.5,258.75,233.25,248.25,32396,0.0,0.0,86299099.4516129
2021-09-09,,355362.67741935485,250.25,251.25,243.25,246.25,6968,0.0,0.0,87508059.31451613
2021-09-10,,363095.5483870968,248.5,248.5,240.0,241.25,5384,0.0,0.0,87596801.0483871
2021-09-13,,370828.4193548387,240.5,240.5,225.75,231.0,12572,0.0,0.0,85661364.87096775
2021-09-14,,378561.2903225806,231.0,236.75,225.5,228.75,12924,0.0,0.0,86595895.16129032
2021-09-15,,386294.16129032255,228.75,235.5,222.75,234.0,5624,0.0,0.0,90392833.74193548
2021-09-16,,394027.0322580645,233.25,235.0,227.5,232.25,3012,0.0,0.0,91512778.24193548
2021-09-17,,401759.9032258064,232.75,232.75,226.0,230.25,2988,0.0,0.0,92505217.71774194
2021-09-20,,409492.77419354836,222.5,224.75,213.0,222.75,7900,0.0,0.0,91214515.4516129
2021-09-21,,417225.6451612903,223.0,248.0,204.25,206.25,36828,0.0,0.0,86052789.31451613
2021-09-22,,424958.51612903224,207.25,218.25,203.75,210.75,6964,0.0,0.0,89560007.27419354
2021-09-23,,432691.3870967742,217.5,225.0,212.5,221.75,8408,0.0,0.0,95949315.08870968
2021-09-24,,440424.2580645161,217.0,229.75,217.0,225.75,3812,0.0,0.0,99425776.25806451
2021-09-27,,448157.12903225806,231.25,235.75,224.75,229.75,7256,0.0,0.0,102964100.39516129
2021-09-28,,455890.0,230.0,230.0,216.25,216.75,5056,0.0,0.0,98814157.5
2021-09-29,,463622.87096774194,217.25,229.25,205.0,206.75,4724,0.0,0.0,95854028.57258065
2021-09-30,,471355.7419354839,206.75,207.75,202.0,206.0,3976,0.0,0.0,97099282.83870968
2021-10-01,,479088.6129032258,209.5,210.25,201.25,205.5,5932,0.0,0.0,98452709.9516129
2021-10-04,,486821.48387096776,203.5,205.75,190.5,192.25,6396,0.0,0.0,93591430.27419356
2021-10-05,,494554.3548387097,192.5,199.0,190.75,192.5,5824,0.0,0.0,95201713.30645162
2021-10-06,,502287.22580645164,190.0,191.25,182.0,184.0,4832,0.0,0.0,92420849.5483871
2021-10-07,,510020.0967741936,185.75,201.75,184.5,197.25,3436,0.0,0.0,100601464.08870968
2021-10-08,,517752.9677419355,196.25,198.5,189.25,191.0,3436,0.0,0.0,98890816.83870968
2021-10-11,,525485.8387096775,188.0,195.5,186.75,189.25,3388,0.0,0.0,99448194.97580646
2021-10-12,,533218.7096774194,190.0,197.5,190.0,192.25,4676,0.0,0.0,102511296.93548387
2021-10-13,,540951.5806451612,192.25,201.75,191.75,201.75,2868,0.0,0.0,109136981.39516127
2021-10-14,,548684.4516129033,203.75,203.75,195.5,196.75,1444,0.0,0.0,107953665.85483871
2021-10-15,,556417.3225806451,200.25,200.25,187.5,188.5,2060,0.0,0.0,104884665.3064516
2021-10-18,,564150.1935483871,189.5,198.75,185.25,188.0,2508,0.0,0.0,106060236.38709678
2021-10-19,,571883.064516129,191.0,196.5,185.5,191.0,3604,0.0,0.0,109229665.32258064
2021-10-20,,579615.935483871,193.0,194.75,188.25,190.25,2104,0.0,0.0,110271931.72580646
2021-10-21,,587348.8064516129,189.75,195.0,186.25,186.5,1712,0.0,0.0,109540552.4032258
2021-10-22,,595081.6774193549,186.25,188.5,173.75,178.5,4592,0.0,0.0,106222079.41935486
2021-10-25,,602814.5483870967,178.5,191.5,178.5,185.5,4800,0.0,0.0,111822098.72580644
2021-10-26,,610547.4193548388,186.25,194.25,180.75,192.75,3980,0.0,0.0,117683015.08064517
2021-10-27,,618280.2903225806,199.5,211.0,196.75,200.5,9000,0.0,0.0,123965198.20967741
2021-10-28,,626013.1612903227,201.0,225.0,200.25,210.5,24960,0.0,0.0,131775770.45161292
2021-10-29,,633746.0322580645,212.75,242.0,210.75,232.25,25348,0.0,0.0,147187515.9919355
2021-11-01,,641478.9032258065,234.5,250.0,222.0,223.25,22064,0.0,0.0,143210165.1451613
2021-11-02,,649211.7741935484,223.5,293.75,214.5,277.25,158756,0.0,0.0,179993964.39516127
2021-11-03,,656944.6451612903,271.25,304.25,268.75,301.25,50680,0.0,0.0,197904574.3548387
2021-11-04,,664677.5161290322,316.75,373.75,295.5,327.25,162824,0.0,0.0,217515717.1532258
2021-11-05,,672410.3870967742,324.75,327.25,250.25,294.25,69124,0.0,0.0,197856756.4032258
2021-11-08,,680143.2580645161,294.5,299.5,244.0,256.5,51556,0.0,0.0,174456745.69354838
2021-11-09,,687876.1290322581,258.75,284.5,234.0,275.5,39808,0.0,0.0,189509873.5483871
2021-11-10,,695609.0,270.5,294.0,241.5,252.0,50364,0.0,0.0,175293468.0
2021-11-11,,703341.8709677419,255.25,343.0,245.75,316.0,121436,0.0,0.0,222256031.22580644
2021-11-12,,711074.7419354839,328.75,334.25,305.5,323.75,82744,0.0,0.0,230210447.70161292
2021-11-15,,718807.6129032258,323.75,326.75,280.0,295.5,61384,0.0,0.0,212407649.61290324
2021-11-16,,726540.4838709678,305.0,344.5,286.25,328.5,141584,0.0,0.0,238668548.95161292
2021-11-17,,734273.3548387097,360.0,397.25,297.0,304.75,225020,0.0,0.0,223769804.8870968
2021-11-18,,742006.2258064516,275.75,285.5,247.5,253.0,72292,0.0,0.0,187727575.12903225
2021-11-19,,749739.0967741936,263.0,294.75,250.0,253.5,74068,0.0,0.0,190058861.03225806
2021-11-22,,757471.9677419355,266.5,267.5,202.5,211.5,96792,0.0,0.0,160205321.17741936
2021-11-23,,765204.8387096775,208.5,235.75,206.75,217.75,38976,0.0,0.0,166623353.62903225
2021-11-24,,772937.7096774194,212.75,245.75,209.0,220.25,41716,0.0,0.0,170239530.55645162
2021-11-26,,780670.5806451613,221.25,223.75,204.25,213.5,14160,0.0,0.0,166673168.96774194
2021-11-29,,788403.4516129033,223.25,223.25,189.0,201.0,37412,0.0,0.0,158469093.77419356
2021-11-30,,796136.3225806452,200.0,206.75,188.0,198.0,20784,0.0,0.0,157634991.87096775
2021-12-01,,803869.1935483871,201.0,204.75,174.0,178.0,33076,0.0,0.0,143088716.45161292
2021-12-02,,811602.0645161291,175.0,178.0,150.0,164.75,31544,0.0,0.0,133711440.12903227
2021-12-03,,819334.935483871,171.5,177.25,157.0,165.5,30156,0.0,0.0,135599931.82258067
2021-12-06,,827067.806451613,165.5,170.75,153.75,168.5,23040,0.0,0.0,139360925.3870968
2021-12-07,,834800.6774193549,168.25,178.75,156.5,174.25,46576,0.0,0.0,145464018.0403226
2021-12-08,,842533.5483870967,175.75,187.5,172.5,177.75,26020,0.0,0.0,149760338.22580644
2021-12-09,,850266.4193548387,175.25,178.75,159.0,161.5,19400,0.0,0.0,137318026.72580644
2021-12-10,,857999.2903225806,162.25,166.5,158.0,160.25,24292,0.0,0.0,137494386.27419356
2021-12-13,,865732.1612903225,159.25,161.25,138.0,143.25,31832,0.0,0.0,124016132.1048387
2021-12-14,,873465.0322580645,143.5,152.5,136.25,138.75,43496,0.0,0.0,121193273.22580644
2021-12-15,,881197.9032258064,137.5,145.0,127.0,138.25,28168,0.0,0.0,121825610.12096773
2021-12-16,,888930.7741935484,140.0,140.25,130.5,132.0,15228,0.0,0.0,117338862.19354838
2021-12-17,,896663.6451612903,128.75,144.75,123.0,143.5,38500,0.0,0.0,128671233.08064516
2021-12-20,,904396.5161290322,136.5,141.75,127.5,134.0,20324,0.0,0.0,121189133.16129032
2021-12-21,,912129.3870967742,134.75,146.5,134.75,142.75,23740,0.0,0.0,130206470.00806451
2021-12-22,,919862.2580645161,141.75,148.75,137.75,145.75,18252,0.0,0.0,134069924.11290322
2021-12-23,,927595.1290322581,146.25,151.25,141.25,146.5,25664,0.0,0.0,135892686.4032258
2021-12-27,23383202.0,935328.0,145.25,148.25,138.0,142.75,21436,0.0,0.0,133518072.0
2021-12-28,,949339.0303030303,131.75,140.75,131.75,135.5,21884,0.0,0.0,128635438.60606061
2021-12-29,,963350.0606060605,133.25,135.75,123.75,127.25,25252,0.0,0.0,122586295.2121212
2021-12-30,,977361.0909090909,126.25,134.0,125.5,130.5,21988,0.0,0.0,127545622.36363637
2021-12-31,,991372.1212121212,130.0,136.25,124.5,130.75,20848,0.0,0.0,129621904.84848484
2022-01-03,,1005383.1515151515,131.5,146.5,131.5,145.25,16924,0.0,0.0,146031902.75757575
2022-01-04,,1019394.1818181819,145.5,146.0,133.25,140.25,9368,0.0,0.0,142970034.0
2022-01-05,,1033405.2121212122,137.5,140.5,125.0,125.75,21344,0.0,0.0,129950705.42424242
2022-01-06,,1047416.2424242424,135.0,136.25,122.25,124.75,91292,0.0,0.0,130665176.24242425
2022-01-07,,1061427.2727272727,123.25,124.75,116.25,117.5,23932,0.0,0.0,124717704.54545455
2022-01-10,,1075438.303030303,114.75,116.0,106.75,113.75,12860,0.0,0.0,122331106.96969697
2022-01-11,,1089449.3333333333,112.5,115.5,100.0,104.0,27496,0.0,0.0,113302730.66666666
2022-01-12,,1103460.3636363638,106.75,109.75,100.25,107.75,13136,0.0,0.0,118897854.1818182
2022-01-13,,1117471.393939394,104.25,108.75,101.5,102.75,17408,0.0,0.0,114820185.72727273
2022-01-14,,1131482.4242424243,101.5,104.5,95.25,100.75,14108,0.0,0.0,113996854.24242425
2022-01-18,,1145493.4545454546,98.0,100.75,92.25,92.75,13340,0.0,0.0,106244517.9090909
2022-01-19,,1159504.4848484849,93.75,96.25,88.5,93.25,11680,0.0,0.0,108123793.21212122
2022-01-20,,1173515.5151515151,93.75,99.75,91.0,92.25,8292,0.0,0.0,108256806.27272727
2022-01-21,,1187526.5454545454,91.5,94.25,85.0,85.0,11560,0.0,0.0,100939756.36363636
2022-01-24,,1201537.5757575757,81.25,85.5,75.5,85.5,11048,0.0,0.0,102731462.72727272
2022-01-25,,1215548.606060606,81.75,86.25,79.25,82.75,8788,0.0,0.0,100586647.15151514
2022-01-26,,1229559.6363636362,87.5,88.75,77.75,79.5,18336,0.0,0.0,97749991.09090908
2022-01-27,,1243570.6666666667,80.75,81.25,71.5,72.75,13340,0.0,0.0,90469766.0
2022-01-28,,1257581.696969697,72.75,73.75,68.5,71.0,18312,0.0,0.0,89288300.48484848
2022-01-31,,1271592.7272727273,72.5,81.0,71.75,80.5,15688,0.0,0.0,102363214.54545455
2022-02-01,,1285603.7575757576,83.75,93.25,81.75,89.0,19508,0.0,0.0,114418734.42424242
2022-02-02,,1299614.7878787878,90.0,91.75,74.75,76.25,14148,0.0,0.0,99095627.57575758
2022-02-03,,1313625.8181818184,74.25,74.75,67.5,68.25,15668,0.0,0.0,89654962.09090911
2022-02-04,,1327636.8484848486,68.5,69.0,63.25,64.25,21764,0.0,0.0,85300667.51515153
2022-02-07,,1341647.878787879,63.5,65.75,54.5,55.75,64076,0.0,0.0,74796869.24242425
2022-02-08,,1355658.9090909092,55.75,55.75,51.75,53.25,46916,0.0,0.0,72188836.9090909
2022-02-09,,1369669.9393939395,55.0,56.25,46.0,47.0,127708,0.0,0.0,64374487.151515156
2022-02-10,,1383680.9696969697,46.75,50.25,42.5,43.25,118900,0.0,0.0,59844201.93939394
2022-02-11,34942304.0,1397692.0,42.25,43.0,31.25,33.5,242756,0.0,0.0,46822682.0
2022-02-14,,1797435.4,33.25,34.0,26.25,26.75,274600,0.0,0.0,48081396.949999996
2022-02-15,,2197178.8,27.75,28.75,25.25,25.75,404208,0.0,0.0,56577354.099999994
2022-02-16,,2596922.2,24.0,24.75,20.0,21.75,727184,0.0,0.0,56483057.85
2022-02-17,,2996665.6,22.25,23.25,19.25,19.5,729192,0.0,0.0,58434979.2
2022-02-18,,3396409.0,18.75,19.0,15.25,15.75,1173416,0.0,0.0,53493441.75
2022-02-22,,3796152.4000000004,16.0,20.0,14.75,15.25,2326864,0.0,0.0,57891324.10000001
2022-02-23,,4195895.800000001,18.75,20.0,15.5,15.75,4084276,0.0,0.0,66085358.85000001
2022-02-24,,4595639.2,13.25,15.5,13.0,15.5,1889960,0.0,0.0,71232407.60000001
2022-02-25,,4995382.6,17.75,21.0,16.25,17.25,4301240,0.0,0.0,86170349.85
2022-02-28,,5395126.0,25.0,48.75,23.75,42.25,25260392,0.0,0.0,227944073.5
2022-03-01,,5794869.4,42.5,44.0,21.5,25.75,20161708,0.0,0.0,149217887.05
2022-03-02,,6194612.800000001,28.0,29.5,22.75,24.5,7699688,0.0,0.0,151768013.60000002
2022-03-03,,6594356.2,24.25,25.5,21.75,22.25,5796916,0.0,0.0,146724425.45000002
2022-03-04,,6994099.600000001,23.0,23.75,18.25,19.75,6206048,0.0,0.0,138133467.10000002
2022-03-07,,7393843.0,19.25,30.5,19.0,26.5,10316520,0.0,0.0,195936839.5
2022-03-08,,7793586.4,30.25,36.0,25.5,31.0,8595672,0.0,0.0,241601178.4
2022-03-09,,8193329.800000001,31.25,33.0,27.75,28.75,4425972,0.0,0.0,235558231.75000003
2022-03-10,,8593073.2,28.5,28.75,25.0,26.75,3434884,0.0,0.0,229864708.1
2022-03-11,,8992816.600000001,25.25,37.5,23.5,33.75,10060524,0.0,0.0,303507560.25000006
2022-03-14,,9392560.0,45.25,52.25,38.5,44.25,21308672,0.0,0.0,415620780.0
2022-03-15,,9792303.4,41.5,49.0,39.25,40.0,9180376,0.0,0.0,391692136.0
2022-03-16,,10192046.8,41.0,44.5,38.0,43.75,6316580,0.0,0.0,445902047.50000006
2022-03-17,,10591790.200000001,52.75,67.0,49.75,61.0,20592892,0.0,0.0,646099202.2
2022-03-18,,10991533.600000001,56.25,80.0,54.75,72.5,18137984,0.0,0.0,796886186.0000001
2022-03-21,284781939.0,11391277.0,87.5,104.5,70.5,80.25,22035648,0.0,0.0,914149979.25
2022-03-22,,11441446.94736842,74.75,90.0,70.75,82.75,10497428,0.0,0.0,946779734.8947368
2022-03-23,,11491616.894736841,81.0,87.25,76.75,77.75,6386752,0.0,0.0,893473213.5657895
2022-03-24,,11541786.842105264,79.0,82.0,73.25,75.0,5098508,0.0,0.0,865634013.1578947
2022-03-25,,11591956.789473685,70.25,72.5,56.5,58.75,7344040,0.0,0.0,681027461.3815789
2022-03-28,,11642126.736842105,61.75,69.5,60.0,61.25,5954472,0.0,0.0,713080262.6315789
2022-03-29,,11692296.684210526,63.75,64.25,55.75,58.75,3008564,0.0,0.0,686922430.1973684
2022-03-30,,11742466.631578946,56.75,78.75,55.0,75.75,13667364,0.0,0.0,889491847.3421052
2022-03-31,,11792636.578947369,80.25,86.25,71.75,74.5,10432860,0.0,0.0,878551425.131579
2022-04-01,,11842806.52631579,69.5,73.75,65.75,71.75,4626172,0.0,0.0,849721368.263158
2022-04-04,,11892976.47368421,75.5,78.0,71.25,71.5,3640504,0.0,0.0,850347817.8684211
2022-04-05,,11943146.421052631,69.25,72.25,66.75,68.0,3056952,0.0,0.0,812133956.6315789
2022-04-06,,11993316.368421052,66.0,69.25,61.25,66.25,3516220,0.0,0.0,794557209.4078947
2022-04-07,,12043486.315789474,63.0,65.5,56.75,59.5,3230124,0.0,0.0,716587435.7894738
2022-04-08,,12093656.263157895,55.25,69.25,53.75,62.75,5714856,0.0,0.0,758876930.5131578
2022-04-11,,12143826.210526315,62.75,71.25,62.0,66.5,3359392,0.0,0.0,807564443.0
2022-04-12,,12193996.157894736,67.0,67.75,60.5,61.75,2133536,0.0,0.0,752979262.75
2022-04-13,,12244166.105263159,60.5,63.25,58.25,60.0,1666476,0.0,0.0,734649966.3157895
2022-04-14,,12294336.05263158,58.25,59.25,52.75,54.0,2194524,0.0,0.0,663894146.8421053
2022-04-18,,12344506.0,54.25,54.25,44.0,46.0,4358880,0.0,0.0,567847276.0
2022-04-19,,12394675.94736842,44.25,45.25,42.0,42.25,2857852,0.0,0.0,523675058.77631575
2022-04-20,,12444845.894736841,41.5,41.75,33.5,35.25,4780244,0.0,0.0,438680817.78947365
2022-04-21,,12495015.842105264,41.0,41.25,33.25,35.0,4941712,0.0,0.0,437325554.47368425
2022-04-22,,12545185.789473685,34.0,38.75,33.25,37.0,2585360,0.0,0.0,464171874.21052635
2022-04-25,,12595355.736842105,34.5,38.5,34.0,34.75,2559496,0.0,0.0,437688611.8552632
2022-04-26,,12645525.684210526,35.0,35.75,31.25,32.25,2040556,0.0,0.0,407818203.31578946
2022-04-27,,12695695.631578948,31.5,35.5,31.25,33.75,1615572,0.0,0.0,428479727.5657895
2022-04-28,,12745865.578947369,34.25,34.75,32.5,34.0,1230020,0.0,0.0,433359429.68421054
2022-04-29,,12796035.52631579,33.5,36.25,32.0,33.0,1376908,0.0,0.0,422269172.3684211
2022-05-02,,12846205.47368421,33.75,34.25,30.0,32.25,1725112,0.0,0.0,414290126.5263158
2022-05-03,,12896375.421052631,32.25,33.75,31.25,33.25,1750168,0.0,0.0,428804482.75
2022-05-04,,12946545.368421052,32.75,32.75,30.25,32.25,1700336,0.0,0.0,417526088.1315789
2022-05-05,,12996715.315789474,32.25,37.25,30.75,32.75,3783296,0.0,0.0,425642426.59210527
2022-05-06,,13046885.263157895,32.0,32.25,29.25,30.0,2071068,0.0,0.0,391406557.8947368
2022-05-09,,13097055.210526315,28.5,29.0,25.75,27.0,1702372,0.0,0.0,353620490.68421054
2022-05-10,,13147225.157894736,28.5,28.5,23.5,23.75,2337408,0.0,0.0,312246597.5
2022-05-11,,13197395.105263159,22.5,23.25,19.75,20.0,2468252,0.0,0.0,263947902.10526317
2022-05-12,,13247565.05263158,19.5,24.0,19.0,21.75,2856972,0.0,0.0,288134539.8947368
2022-05-13,332443385.0,13297735.0,25.5,27.0,23.0,24.75,4583256,0.0,0.0,329118941.25
2022-05-16,,13415635.733333332,25.75,29.5,24.75,29.25,2656080,0.0,0.0,392407345.2
2022-05-17,,13533536.466666667,30.0,31.25,27.0,28.5,2266728,0.0,0.0,385705789.3
2022-05-18,,13651437.2,26.75,28.5,25.75,26.25,1633044,0.0,0.0,358350226.5
2022-05-19,,13769337.933333334,25.25,27.25,24.5,25.5,1717496,0.0,0.0,351118117.3
2022-05-20,,13887238.666666666,25.75,27.5,24.5,27.5,2048580,0.0,0.0,381899063.3333333
2022-05-23,,14005139.4,26.75,26.75,25.0,26.25,1238716,0.0,0.0,367634909.25
2022-05-24,,14123040.133333333,25.5,26.0,23.75,25.0,1235328,0.0,0.0,353076003.3333333
2022-05-25,,14240940.866666667,24.75,26.0,24.75,25.5,1081284,0.0,0.0,363143992.1
2022-05-26,,14358841.6,25.0,26.25,24.5,24.5,1315008,0.0,0.0,351791619.2
2022-05-27,,14476742.333333334,25.0,25.75,23.75,24.25,1494256,0.0,0.0,351061001.5833334
2022-05-31,,14594643.066666666,30.5,39.0,29.25,35.0,12507476,0.0,0.0,510812507.3333333
2022-06-01,,14712543.8,37.25,42.0,35.0,35.5,9328672,0.0,0.0,522295304.90000004
2022-06-02,,14830444.533333333,32.0,33.25,30.0,30.75,3569840,0.0,0.0,456036169.4
2022-06-03,,14948345.266666666,32.25,35.0,31.0,31.75,3823584,0.0,0.0,474609962.21666664
2022-06-06,,15066246.0,35.75,38.5,33.75,34.5,4830984,0.0,0.0,519785487.0
2022-06-07,,15184146.733333334,32.75,34.25,32.0,33.5,2183712,0.0,0.0,508668915.5666667
2022-06-08,,15302047.466666667,32.5,34.5,31.0,32.0,2039652,0.0,0.0,489665518.93333334
2022-06-09,,15419948.2,31.75,32.0,29.5,30.0,1676548,0.0,0.0,462598446.0
2022-06-10,,15537848.933333334,28.25,30.25,28.0,28.5,1629412,0.0,0.0,442828694.6
2022-06-13,,15655749.666666668,25.0,27.75,25.0,26.25,1726656,0.0,0.0,410963428.75000006
2022-06-14,,15773650.4,26.75,27.0,25.5,26.75,1307312,0.0,0.0,421945148.2
2022-06-15,,15891551.133333333,28.0,29.25,27.0,29.0,1627776,0.0,0.0,460854982.8666667
2022-06-16,,16009451.866666667,28.25,32.0,27.5,31.25,2271520,0.0,0.0,500295370.8333334
2022-06-17,,16127352.6,31.0,34.75,30.25,33.0,2342340,0.0,0.0,532202635.8
2022-06-21,,16245253.333333334,34.75,40.75,34.75,38.0,4094140,0.0,0.0,617319626.6666667
2022-06-22,,16363154.066666666,41.25,42.75,37.75,40.0,3705112,0.0,0.0,654526162.6666666
2022-06-23,,16481054.8,38.0,39.25,34.0,36.5,2925296,0.0,0.0,601558500.2
2022-06-24,,16598955.533333333,36.0,36.5,34.25,36.5,1955676,0.0,0.0,605861876.9666667
2022-06-27,,16716856.266666666,38.0,38.0,32.5,32.75,2345704,0.0,0.0,547477042.7333333
2022-06-28,,16834757.0,31.25,31.75,29.0,30.5,2061272,0.0,0.0,513460088.5
2022-06-29,,16952657.733333334,29.25,29.25,27.5,28.25,2244068,0.0,0.0,478912580.9666667
2022-06-30,,17070558.46666667,30.25,30.5,25.5,25.5,5023376,0.0,0.0,435299240.90000004
2022-07-01,,17188459.2,24.25,27.5,22.5,27.0,2473276,0.0,0.0,464088398.4
2022-07-05,,17306359.933333334,26.25,26.5,24.25,24.75,1639584,0.0,0.0,428332408.35
2022-07-06,,17424260.666666668,25.25,25.75,25.0,25.5,926900,0.0,0.0,444318647.00000006
2022-07-07,,17542161.4,25.0,27.0,24.25,26.75,1485168,0.0,0.0,469252817.45
2022-07-08,,17660062.133333333,26.0,31.75,26.0,29.25,3025612,0.0,0.0,516556817.4
2022-07-11,,17777962.866666667,34.5,35.0,29.5,30.5,5399200,0.0,0.0,542227867.4333334
2022-07-12,,17895863.6,28.75,30.25,27.25,27.75,1868408,0.0,0.0,496610214.90000004
2022-07-13,,18013764.333333336,26.5,28.75,26.5,27.25,1243052,0.0,0.0,490875078.0833334
2022-07-14,,18131665.066666666,27.25,27.25,25.75,26.25,1229832,0.0,0.0,475956208.0
2022-07-15,,18249565.8,26.5,28.25,26.5,27.0,1221104,0.0,0.0,492738276.6
2022-07-18,,18367466.53333333,27.25,27.75,26.25,26.5,1290852,0.0,0.0,486737863.13333327
2022-07-19,,18485367.266666666,26.25,27.5,25.5,27.25,1456004,0.0,0.0,503726258.01666665
2022-07-20,,18603268.0,26.75,28.5,26.5,27.25,1114980,0.0,0.0,506939053.0
2022-07-21,,18721168.733333334,27.0,27.75,26.5,27.75,857944,0.0,0.0,519512432.35
2022-07-22,,18839069.46666667,27.0,27.0,25.0,25.5,1675568,0.0,0.0,480396271.40000004
2022-07-25,,18956970.2,25.5,25.75,25.0,25.5,826844,0.0,0.0,483402740.09999996
2022-07-26,,19074870.933333334,25.0,25.25,20.5,21.75,4139904,0.0,0.0,414878442.8
2022-07-27,,19192771.666666668,22.25,22.75,20.5,21.75,2170904,0.0,0.0,417442783.75
2022-07-28,,19310672.4,21.0,21.0,20.0,20.25,1793840,0.0,0.0,391041116.09999996
2022-07-29,,19428573.133333333,20.25,20.25,19.0,19.75,1632328,0.0,0.0,383714319.3833333
2022-08-01,,19546473.866666667,19.5,23.0,19.0,21.75,3075224,0.0,0.0,425135806.6
2022-08-02,,19664374.6,21.25,23.75,20.75,23.0,2148292,0.0,0.0,452280615.8
2022-08-03,,19782275.333333336,23.25,24.0,22.75,23.0,1680384,0.0,0.0,454992332.66666675
2022-08-04,,19900176.066666666,22.5,23.25,20.25,21.0,3151256,0.0,0.0,417903697.4
2022-08-05,,20018076.8,21.0,22.25,20.75,21.25,1261336,0.0,0.0,425384132.0
2022-08-08,,20135977.53333333,20.25,21.25,19.5,20.0,2976672,0.0,0.0,402719550.6666666
2022-08-09,,20253878.266666666,20.5,20.5,19.5,19.75,1507280,0.0,0.0,400014095.76666665
2022-08-10,509294481.0,20371779.0,20.0,20.5,19.5,20.25,2627772,0.0,0.0,412528524.75
2022-08-11,,20832846.7184466,20.5,20.75,19.75,20.5,2095608,0.0,0.0,427073357.7281553
2022-08-12,,21293914.436893202,20.25,21.5,19.5,20.75,3604700,0.0,0.0,441848724.56553394
2022-08-15,,21754982.155339807,21.25,23.25,21.25,22.75,4531324,0.0,0.0,494925844.0339806
2022-08-16,,22216049.87378641,22.75,22.75,20.5,22.25,3951724,0.0,0.0,494307109.6917476
2022-08-17,,22677117.59223301,21.5,21.75,20.75,21.0,3192908,0.0,0.0,476219469.4368932
2022-08-18,,23138185.31067961,21.0,21.0,20.0,20.25,1775272,0.0,0.0,468548252.5412621
2022-08-19,,23599253.029126212,20.0,20.25,18.75,18.75,2810536,0.0,0.0,442485994.2961165
2022-08-22,,24060320.747572817,19.75,20.25,17.5,17.75,3955368,0.0,0.0,427070693.2694175
2022-08-23,,24521388.466019418,17.75,18.5,16.75,17.0,1941476,0.0,0.0,416863603.9223301
2022-08-24,,24982456.18446602,17.5,18.0,17.25,17.5,2739328,0.0,0.0,437192983.2281553
2022-08-25,,25443523.90291262,18.0,18.0,15.75,16.75,3533424,0.0,0.0,426179025.3737864
2022-08-26,,25904591.62135922,17.25,17.25,15.75,16.0,3763216,0.0,0.0,414473465.94174755
2022-08-29,,26365659.339805827,15.75,16.5,15.25,15.5,2618552,0.0,0.0,408667719.7669903
2022-08-30,,26826727.058252428,16.0,16.0,15.0,16.0,3131484,0.0,0.0,429227632.93203884
2022-08-31,,27287794.77669903,16.0,18.5,15.75,16.75,5055620,0.0,0.0,457070562.50970876
2022-09-01,,27748862.49514563,17.25,17.25,15.25,16.0,3660212,0.0,0.0,443981799.9223301
2022-09-02,,28209930.21359223,16.25,16.25,15.25,15.75,2614796,0.0,0.0,444306400.8640776
2022-09-06,,28670997.932038836,16.0,17.5,15.0,16.5,4064316,0.0,0.0,473071465.8786408
2022-09-07,,29132065.650485437,16.0,17.25,16.0,16.75,2180336,0.0,0.0,487962099.6456311
2022-09-08,,29593133.36893204,18.25,19.75,15.0,15.25,7899684,0.0,0.0,451295283.8762136
2022-09-09,,30054201.087378643,15.75,16.0,13.25,14.0,13921744,0.0,0.0,420758815.223301
2022-09-12,,30515268.80582524,14.25,14.75,13.5,14.5,5552512,0.0,0.0,442471397.684466
2022-09-13,,30976336.524271846,13.75,14.0,13.25,13.5,3202212,0.0,0.0,418180543.0776699
2022-09-14,,31437404.242718447,13.25,13.75,13.0,13.25,2419940,0.0,0.0,416545606.21601945
2022-09-15,,31898471.96116505,13.25,14.25,13.25,13.5,3757852,0.0,0.0,430629371.47572815
2022-09-16,,32359539.679611653,13.25,13.25,12.5,12.5,4965076,0.0,0.0,404494245.9951457
2022-09-19,,32820607.39805825,12.5,12.5,11.5,11.5,3618908,0.0,0.0,377436985.07766986
2022-09-20,,33281675.116504855,11.75,12.0,10.75,11.0,2824308,0.0,0.0,366098426.2815534
2022-09-21,,33742742.83495146,10.75,11.0,10.0,10.25,3633928,0.0,0.0,345863114.05825245
2022-09-22,,34203810.55339806,10.25,10.25,9.0,9.25,3415036,0.0,0.0,316385247.618932
2022-09-23,,34664878.27184466,8.5,11.0,8.25,10.0,6452056,0.0,0.0,346648782.7184466
2022-09-26,,35125945.99029126,10.25,10.25,8.5,8.5,4323400,0.0,0.0,298570540.9174757
2022-09-27,,35587013.708737865,8.75,9.0,8.0,8.25,3670608,0.0,0.0,293592863.0970874
2022-09-28,,36048081.42718446,8.25,9.25,8.0,9.0,2902396,0.0,0.0,324432732.84466016
2022-09-29,,36509149.14563107,8.75,8.75,8.25,8.5,1946984,0.0,0.0,310327767.7378641
2022-09-30,,36970216.86407767,8.5,8.5,8.0,8.25,2834184,0.0,0.0,305004289.1286408
2022-10-03,,37431284.58252427,8.25,8.25,7.75,8.0,2310328,0.0,0.0,299450276.66019416
2022-10-04,,37892352.300970875,8.5,9.0,8.25,9.0,3113676,0.0,0.0,341031170.70873785
2022-10-05,,38353420.01941748,8.75,8.75,8.0,8.5,2143724,0.0,0.0,326004070.1650486
2022-10-06,,38814487.73786408,8.5,8.75,8.25,8.25,1602124,0.0,0.0,320219523.8373786
2022-10-07,,39275555.456310675,8.25,8.25,7.5,7.5,2196336,0.0,0.0,294566665.9223301
2022-10-10,,39736623.17475729,7.5,7.5,6.0,6.5,5267616,0.0,0.0,258288050.63592237
2022-10-11,,40197690.893203884,6.75,6.75,6.25,6.25,2687772,0.0,0.0,251235568.08252427
2022-10-12,,40658758.61165048,6.25,6.5,6.0,6.25,2135052,0.0,0.0,254117241.3228155
2022-10-13,,41119826.33009709,6.0,6.25,5.75,6.0,2345884,0.0,0.0,246718957.98058254
2022-10-14,,41580894.04854369,6.25,6.75,5.75,5.75,3101088,0.0,0.0,239090140.77912623
2022-10-17,,42041961.76699029,6.0,6.25,5.75,5.75,2239800,0.0,0.0,241741280.16019416
2022-10-18,,42503029.485436894,6.0,6.25,5.25,5.5,4148660,0.0,0.0,233766662.16990292
2022-10-19,,42964097.2038835,5.5,10.25,5.5,8.5,26352352,0.0,0.0,365194826.23300976
2022-10-20,,43425164.9223301,10.25,11.5,8.5,8.75,14298104,0.0,0.0,379970193.0703883
2022-10-21,,43886232.640776694,8.75,9.5,8.0,9.5,7856760,0.0,0.0,416919210.0873786
2022-10-24,,44347300.359223306,11.75,13.5,11.25,12.5,20371164,0.0,0.0,554341254.4902914
2022-10-25,,44808368.0776699,15.0,15.25,11.5,12.75,18466960,0.0,0.0,571306692.9902912
2022-10-26,,45269435.7961165,12.75,14.0,11.75,13.5,11174052,0.0,0.0,611137383.2475728
2022-10-27,,45730503.514563106,14.0,14.75,13.0,13.5,10955504,0.0,0.0,617361797.446602
2022-10-28,,46191571.23300971,12.25,13.25,11.75,13.0,7589232,0.0,0.0,600490426.0291263
2022-10-31,,46652638.95145631,12.75,13.5,11.75,12.0,6226868,0.0,0.0,559831667.4174757
2022-11-01,,47113706.66990291,11.0,11.5,9.75,10.0,7590968,0.0,0.0,471137066.69902915
2022-11-02,,47574774.38834952,9.75,10.25,8.75,9.0,10154796,0.0,0.0,428172969.4951457
2022-11-03,,48035842.106796116,8.5,9.0,7.5,7.5,9274860,0.0,0.0,360268815.80097085
2022-11-04,,48496909.82524271,7.5,7.5,6.75,7.0,10728972,0.0,0.0,339478368.776699
2022-11-07,,48957977.543689325,7.0,7.0,6.25,6.75,6829868,0.0,0.0,330466348.4199029
2022-11-08,,49419045.26213592,6.5,7.5,6.5,7.0,9234640,0.0,0.0,345933316.83495146
2022-11-09,,49880112.98058252,8.0,8.0,6.75,6.75,9677784,0.0,0.0,336690762.618932
2022-11-10,,50341180.699029125,7.25,8.25,6.75,8.25,9035112,0.0,0.0,415314740.7669903
2022-11-11,,50802248.41747573,7.75,8.25,7.25,7.75,7716300,0.0,0.0,393717425.2354369
2022-11-14,,51263316.13592233,7.75,8.0,7.25,7.5,6136336,0.0,0.0,384474871.01941746
2022-11-15,,51724383.85436893,7.75,7.75,7.25,7.25,6748176,0.0,0.0,375001782.94417477
2022-11-16,,52185451.57281554,7.0,7.25,6.5,6.75,6549900,0.0,0.0,352251798.1165049
2022-11-17,,52646519.291262135,7.25,8.25,6.75,6.75,9437656,0.0,0.0,355364005.2160194
2022-11-18,,53107587.00970873,7.0,7.0,6.75,6.75,5124872,0.0,0.0,358476212.31553394
2022-11-21,,53568654.728155345,6.75,6.75,6.25,6.5,6395268,0.0,0.0,348196255.73300976
2022-11-22,,54029722.44660194,6.0,6.25,5.75,5.75,6382364,0.0,0.0,310670904.06796116
2022-11-23,,54490790.16504855,5.75,6.0,5.0,5.0,11122212,0.0,0.0,272453950.82524276
2022-11-25,,54951857.883495145,5.25,5.25,4.75,5.0,6731316,0.0,0.0,274759289.4174757
2022-11-28,,55412925.60194175,5.0,5.0,4.75,4.75,4944404,0.0,0.0,263211396.6092233
2022-11-29,,55873993.32038835,5.0,5.25,4.75,5.0,7552268,0.0,0.0,279369966.6019417
2022-11-30,,56335061.03883495,5.0,5.0,4.5,4.75,7652396,0.0,0.0,267591539.93446603
2022-12-01,,56796128.75728156,5.5,6.0,5.25,5.5,15811232,0.0,0.0,312378708.16504854
2022-12-02,,57257196.475728154,5.0,5.25,5.0,5.0,7069500,0.0,0.0,286285982.3786408
2022-12-05,,57718264.19417476,5.25,5.25,4.75,5.0,4658700,0.0,0.0,288591320.9708738
2022-12-06,,58179331.91262136,5.0,5.0,4.75,4.75,4436104,0.0,0.0,276351826.58495146
2022-12-07,,58640399.63106796,4.5,5.0,4.5,4.75,4618268,0.0,0.0,278541898.24757284
2022-12-08,,59101467.34951457,5.0,5.25,4.75,4.75,5545192,0.0,0.0,280731969.9101942
2022-12-09,,59562535.067961164,5.0,5.0,4.75,5.0,4110984,0.0,0.0,297812675.33980584
2022-12-12,,60023602.78640777,5.0,5.0,4.75,4.75,3456160,0.0,0.0,285112113.2354369
2022-12-13,,60484670.504854366,5.25,5.75,5.0,5.25,9906168,0.0,0.0,317544520.1504854
2022-12-14,,60945738.22330097,5.75,6.75,5.75,6.5,16277484,0.0,0.0,396147298.4514563
2022-12-15,,61406805.941747576,8.0,10.0,6.75,7.75,25203916,0.0,0.0,475902746.0485437
2022-12-16,,61867873.66019417,8.25,8.5,7.0,7.5,13877028,0.0,0.0,464009052.4514563
2022-12-19,,62328941.37864078,7.25,7.25,6.5,6.75,6547164,0.0,0.0,420720354.30582523
2022-12-20,,62790009.097087376,6.5,6.5,5.5,5.75,9140376,0.0,0.0,361042552.3082524
2022-12-21,,63251076.81553398,5.5,6.0,5.25,5.5,5953988,0.0,0.0,347880922.4854369
2022-12-22,,63712144.533980586,6.25,6.5,5.75,5.75,6792124,0.0,0.0,366344831.0703884
2022-12-23,,64173212.25242718,6.0,6.0,5.5,5.75,5016236,0.0,0.0,368995970.4514563
2022-12-27,,64634279.97087379,5.5,5.75,5.25,5.5,4310812,0.0,0.0,355488539.83980584
2022-12-28,,65095347.689320385,5.25,5.5,5.0,5.25,4755636,0.0,0.0,341750575.368932
2022-12-29,,65556415.40776699,5.75,6.75,5.5,6.5,8895940,0.0,0.0,426116700.15048546
2022-12-30,,66017483.126213595,6.5,7.75,6.5,7.25,8325968,0.0,0.0,478626752.66504854
2023-01-03,,66478550.84466019,8.0,8.25,7.25,8.0,8868112,0.0,0.0,531828406.75728154
2023-01-04,,66939618.5631068,7.75,8.5,7.0,8.5,8378784,0.0,0.0,568986757.7864078
2023-01-05,,67400686.28155339,8.75,11.25,8.5,10.5,21657496,0.0,0.0,707707205.9563105
2023-01-06,1696543863.0,67861754.0,10.25,12.0,9.25,9.5,23639784,0.0,0.0,644686663.0
2023-01-09,,67949867.69565217,8.75,10.0,8.25,9.25,9323240,0.0,0.0,628536276.1847826
2023-01-10,,68037981.39130434,9.25,9.75,9.0,9.5,6393864,0.0,0.0,646360823.2173913
2023-01-11,,68126095.08695652,9.75,10.25,9.5,10.0,7999676,0.0,0.0,681260950.8695651
2023-01-12,,68214208.7826087,10.0,10.25,9.0,9.75,9121536,0.0,0.0,665088535.6304349
2023-01-13,,68302322.47826087,9.5,9.75,8.75,9.0,8498560,0.0,0.0,614720902.3043479
2023-01-17,,68390436.17391305,7.75,8.75,7.5,7.5,9936116,0.0,0.0,512928271.3043479
2023-01-18,,68478549.86956522,7.75,8.0,7.0,7.0,7777708,0.0,0.0,479349849.0869565
2023-01-19,,68566663.56521739,6.75,7.0,6.25,6.75,7490876,0.0,0.0,462824979.0652174
2023-01-20,,68654777.26086956,7.0,8.0,6.5,7.5,11245552,0.0,0.0,514910829.45652175
2023-01-23,,68742890.95652173,7.5,8.0,7.5,7.5,7559276,0.0,0.0,515571682.173913
2023-01-24,,68831004.6521739,7.5,7.75,7.25,7.25,7122124,0.0,0.0,499024783.7282608
2023-01-25,,68919118.3478261,7.25,9.0,7.0,8.75,16211528,0.0,0.0,603042285.5434784
2023-01-26,,69007232.04347827,8.75,9.0,8.0,8.0,9235104,0.0,0.0,552057856.3478261
2023-01-27,,69095345.73913044,8.0,8.75,8.0,8.25,9888060,0.0,0.0,570036602.3478261
2023-01-30,,69183459.43478261,8.25,8.5,8.0,8.25,4741008,0.0,0.0,570763540.3369565
2023-01-31,,69271573.13043478,8.25,9.0,8.25,8.5,8722352,0.0,0.0,588808371.6086956
2023-02-01,,69359686.82608695,8.5,9.0,8.25,8.75,6038536,0.0,0.0,606897259.7282609
2023-02-02,,69447800.52173913,9.5,10.25,9.0,9.5,11626380,0.0,0.0,659754104.9565217
2023-02-03,,69535914.2173913,10.25,11.25,9.75,10.25,11268192,0.0,0.0,712743120.7282608
2023-02-06,,69624027.91304348,10.75,11.25,10.25,10.5,6182892,0.0,0.0,731052293.0869566
2023-02-07,,69712141.60869566,10.5,11.0,9.25,10.25,6941580,0.0,0.0,714549451.4891305
2023-02-08,,69800255.30434783,10.5,10.5,9.75,9.75,5068808,0.0,0.0,680552489.2173914
2023-02-09,1747209236.0,69888369.0,10.0,10.0,8.75,9.0,5507308,0.0,0.0,628995321.0
2023-02-10,,70968552.64285715,8.75,9.25,8.25,9.0,4441764,0.0,0.0,638716973.7857144
2023-02-13,,72048736.28571428,9.25,10.0,9.0,9.5,4399924,0.0,0.0,684462994.7142857
2023-02-14,,73128919.92857143,9.5,9.75,9.25,9.5,3561964,0.0,0.0,694724739.3214287
2023-02-15,,74209103.57142857,9.0,9.0,8.5,8.5,4845884,0.0,0.0,630777380.3571428
2023-02-16,,75289287.21428572,8.5,8.5,7.25,7.25,8802076,0.0,0.0,545847332.3035715
2023-02-17,,76369470.85714287,7.5,7.75,6.5,6.75,10437316,0.0,0.0,515493928.2857143
2023-02-21,,77449654.5,6.5,6.75,6.0,6.25,7545448,0.0,0.0,484060340.625
2023-02-22,,78529838.14285715,6.5,6.75,6.25,6.5,5861328,0.0,0.0,510443947.92857146
2023-02-23,,79610021.78571428,6.25,6.25,5.75,6.0,7337504,0.0,0.0,477660130.71428573
2023-02-24,,80690205.42857143,5.75,6.0,5.75,5.75,4474744,0.0,0.0,463968681.21428573
2023-02-27,,81770389.07142857,5.75,6.0,5.25,5.5,7278080,0.0,0.0,449737139.89285713
2023-02-28,,82850572.71428572,5.5,6.25,5.25,5.75,9534396,0.0,0.0,476390793.10714287
2023-03-01,,83930756.35714287,5.75,5.75,5.5,5.5,5278352,0.0,0.0,461619159.96428573
2023-03-02,2125273522.0,85010940.0,5.5,5.5,5.25,5.25,4641524,0.0,0.0,446307435.0
2023-03-03,,87310111.13793103,5.5,5.5,5.25,5.5,5799376,0.0,0.0,480205611.2586207
2023-03-06,,89609282.27586207,5.75,6.0,5.75,5.75,10149876,0.0,0.0,515253373.0862069
2023-03-07,,91908453.4137931,5.75,5.75,5.25,5.25,10127516,0.0,0.0,482519380.42241377
2023-03-08,,94207624.55172414,5.0,5.25,4.75,4.75,10495128,0.0,0.0,447486216.62068963
2023-03-09,,96506795.68965517,4.75,5.0,4.5,4.5,10362552,0.0,0.0,434280580.6034483
2023-03-10,,98805966.8275862,4.5,4.75,4.0,4.25,11596560,0.0,0.0,419925359.01724136
2023-03-13,,101105137.96551724,4.0,4.25,3.75,4.0,8486408,0.0,0.0,404420551.86206895
2023-03-14,,103404309.10344827,4.25,4.25,3.75,4.0,7200112,0.0,0.0,413617236.4137931
2023-03-15,,105703480.2413793,3.75,3.75,3.25,3.75,12396180,0.0,0.0,396388050.9051724
2023-03-16,,108002651.37931034,3.5,4.0,3.5,3.75,10020624,0.0,0.0,405009942.67241377
2023-03-17,,110301822.51724137,3.75,3.75,3.25,3.5,16559792,0.0,0.0,386056378.8103448
2023-03-20,,112600993.65517241,3.5,3.5,3.25,3.25,11500368,0.0,0.0,365953229.3793103
2023-03-21,,114900164.79310346,3.25,3.5,3.25,3.5,9211864,0.0,0.0,402150576.7758621
2023-03-22,,117199335.93103448,3.5,3.5,3.0,3.0,16629592,0.0,0.0,351598007.79310346
2023-03-23,,119498507.06896552,3.0,3.0,2.75,2.75,13522776,0.0,0.0,328620894.4396552
2023-03-24,,121797678.20689654,2.75,2.75,2.5,2.75,7062912,0.0,0.0,334943615.0689655
2023-03-27,,124096849.34482759,2.75,3.0,2.5,2.5,16872032,0.0,0.0,310242123.362069
2023-03-28,,126396020.48275861,2.5,2.5,2.25,2.25,18085596,0.0,0.0,284391046.08620685
2023-03-29,,128695191.62068966,2.5,2.75,2.5,2.5,13087328,0.0,0.0,321737979.05172414
2023-03-30,,130994362.75862068,3.0,3.25,2.75,3.0,15906408,0.0,0.0,392983088.27586204
2023-03-31,,133293533.89655173,3.75,4.0,3.25,3.25,31149784,0.0,0.0,433203985.1637931
2023-04-03,,135592705.03448275,3.5,3.5,2.75,2.75,22327388,0.0,0.0,372879938.84482753
2023-04-04,,137891876.1724138,2.75,3.0,2.5,2.75,10406968,0.0,0.0,379202659.47413796
2023-04-05,,140191047.31034482,2.5,2.75,2.5,2.5,9691656,0.0,0.0,350477618.27586204
2023-04-06,,142490218.44827586,2.5,2.5,2.5,2.5,7223384,0.0,0.0,356225546.12068963
2023-04-10,,144789389.5862069,2.5,2.75,2.5,2.75,8639568,0.0,0.0,398170821.362069
2023-04-11,,147088560.72413793,2.75,2.75,2.75,2.75,7052360,0.0,0.0,404493541.9913793
2023-04-12,,149387731.86206895,2.75,3.0,2.5,2.75,5582208,0.0,0.0,410816262.62068963
2023-04-13,3792172595.0,151686903.0,2.5,2.5,2.5,2.5,5076904,0.0,0.0,379217257.5
2023-04-14,,152678495.23809522,2.5,2.5,2.5,2.5,6879540,0.0,0.0,381696238.0952381
2023-04-17,,153670087.47619048,2.5,2.75,2.5,2.5,8328696,0.0,0.0,384175218.6904762
2023-04-18,,154661679.7142857,2.5,2.75,2.25,2.25,8404616,0.0,0.0,347988779.3571428
2023-04-19,,155653271.95238096,2.25,2.25,2.25,2.25,10672816,0.0,0.0,350219861.89285713
2023-04-20,,156644864.19047618,2.25,2.25,2.0,2.0,9434960,0.0,0.0,313289728.38095236
2023-04-21,,157636456.42857143,2.75,2.75,2.5,2.5,28932644,0.0,0.0,394091141.0714286
2023-04-24,,158628048.66666666,3.0,3.0,2.25,2.5,30287504,0.0,0.0,396570121.6666666
2023-04-25,,159619640.9047619,2.25,2.25,2.0,2.25,15331432,0.0,0.0,359144192.03571427
2023-04-26,,160611233.14285713,2.25,2.25,2.0,2.0,16959568,0.0,0.0,321222466.28571427
2023-04-27,,161602825.3809524,2.0,2.0,1.75,1.75,24142148,0.0,0.0,282804944.4166667
2023-04-28,,162594417.6190476,1.75,2.0,1.75,2.0,26691788,0.0,0.0,325188835.2380952
2023-05-01,,163586009.85714287,2.0,2.25,1.75,1.75,19451624,0.0,0.0,286275517.25
2023-05-02,,164577602.0952381,2.0,2.5,1.75,2.0,22307068,0.0,0.0,329155204.1904762
2023-05-03,,165569194.33333334,2.25,2.25,1.5,1.5,4655080,0.0,0.0,248353791.5
2023-05-04,,166560786.57142857,1.4600000381469727,1.5499999523162842,1.2599999904632568,1.4700000286102295,44482700,0.0,0.04,244844361.02534232
2023-05-05,,167552378.80952382,1.4700000286102295,1.5299999713897705,1.4199999570846558,1.5,18002100,0.0,0.0,251328568.21428573
2023-05-08,,168543971.04761904,1.6100000143051147,1.6200000047683716,1.3799999952316284,1.4800000190734863,28519100,0.0,0.0,249445080.3651973
2023-05-09,,169535563.2857143,1.4299999475479126,1.4500000476837158,1.3700000047683716,1.440000057220459,15441600,0.0,0.0,244131220.83233133
2023-05-10,,170527155.52380952,1.440000057220459,1.4700000286102295,1.3700000047683716,1.3899999856948853,11551900,0.0,0.0,237032743.7386847
2023-05-11,,171518747.76190478,1.4600000381469727,1.4700000286102295,1.3799999952316284,1.399999976158142,18973500,0.0,0.0,240126242.77734107
2023-05-12,172510340.0,172510340.0,1.3600000143051147,1.3700000047683716,1.2100000381469727,1.2699999809265137,21184200,0.0,0.0,219088128.5096264
2023-05-15,,176037328.3846154,1.2699999809265137,1.2799999713897705,1.2200000286102295,1.25,14834100,0.0,0.0,220046660.48076925
2023-05-16,,179564316.76923078,1.2599999904632568,1.2699999809265137,1.1799999475479126,1.2200000286102295,21914100,0.0,0.0,219068471.59583786
2023-05-17,,183091305.15384614,1.190000057220459,1.4900000095367432,1.1699999570846558,1.2300000190734863,57503500,0.0,0.0,225202308.83142027
2023-05-18,,186618293.53846154,1.2400000095367432,1.25,1.159999966621399,1.190000057220459,28176700,0.0,0.0,222075779.98915365
2023-05-19,,190145281.92307693,1.100000023841858,1.1100000143051147,1.0099999904632568,1.0700000524520874,34265100,0.0,0.0,203455461.63120925
2023-05-22,,193672270.30769232,1.0399999618530273,1.0399999618530273,0.9300000071525574,0.949999988079071,63233800,0.0,0.0,183988654.48355433
2023-05-23,,197199258.69230768,0.9200000166893005,0.9399999976158142,0.8799999952316284,0.9100000262260437,41968500,0.0,0.0,179451330.58175635
2023-05-24,,200726247.07692307,0.8700000047683716,0.8700000047683716,0.800000011920929,0.800000011920929,43785400,0.0,0.0,160581000.0543818
2023-05-25,,204253235.46153846,0.75,0.9900000095367432,0.7200000286102295,0.949999988079071,92726500,0.0,0.0,194040571.25357324
2023-05-26,,207780223.84615386,0.9300000071525574,0.9300000071525574,0.800000011920929,0.8100000023841858,55754600,0.0,0.0,168301981.8107713
2023-05-30,,211307212.23076922,0.8600000143051147,0.8899999856948853,0.7300000190734863,0.7599999904632568,77086100,0.0,0.0,160593479.280202
2023-05-31,,214834200.6153846,0.7300000190734863,0.7599999904632568,0.7200000286102295,0.7300000190734863,27207900,0.0,0.0,156828970.54686797
2023-06-01,218361189.0,218361189.0,0.7200000286102295,0.7900000214576721,0.6800000071525574,0.7400000095367432,39515700,0.0,0.0,161587281.94245458
2023-06-02,,224662792.25,0.7200000286102295,0.7699999809265137,0.7200000286102295,0.75,16639000,0.0,0.0,168497094.1875
2023-06-05,,230964395.5,0.7300000190734863,0.7400000095367432,0.6800000071525574,0.699999988079071,31511400,0.0,0.0,161675074.09668985
2023-06-06,,237265998.75,0.6600000262260437,0.6600000262260437,0.6100000143051147,0.6100000143051147,48116400,0.0,0.0,144732262.63161734
2023-06-07,243567602.0,243567602.0,0.5600000023841858,0.5600000023841858,0.5099999904632568,0.5199999809265137,78231800,0.0,0.0,126655148.39431667
2023-06-08,,283548485.8,0.5099999904632568,0.5400000214576721,0.46000000834465027,0.4699999988079071,64453200,0.0,0.0,133267787.98798387
2023-06-09,,323529369.6,0.47999998927116394,0.49000000953674316,0.41999998688697815,0.4300000071525574,69565100,0.0,0.0,139117631.2420624
2023-06-12,,363510253.4,0.41999998688697815,0.41999998688697815,0.3799999952316284,0.38999998569488525,65200300,0.0,0.0,141768993.6259441
2023-06-13,,403491137.2,0.36000001430511475,0.36000001430511475,0.3199999928474426,0.3199999928474426,100073800,0.0,0.0,129117161.01800649
2023-06-14,,443472021.0,0.28999999165534973,0.28999999165534973,0.2199999988079071,0.23000000417232513,172612100,0.0,0.0,101998566.68030946
2023-06-15,,483452904.79999995,0.23000000417232513,0.30000001192092896,0.20000000298023224,0.25999999046325684,399766300,0.0,0.0,125697750.6374338
2023-06-16,,523433788.59999996,0.2800000011920929,0.30000001192092896,0.2199999988079071,0.23000000417232513,291824400,0.0,0.0,120389773.56193595
2023-06-20,,563414672.4,0.23999999463558197,0.23999999463558197,0.1599999964237213,0.1599999964237213,342483000,0.0,0.0,90146345.56907211
2023-06-21,,603395556.2,0.18000000715255737,0.2199999988079071,0.17000000178813934,0.20000000298023224,449997300,0.0,0.0,120679113.0382589
2023-06-22,643376440.0,643376440.0,0.1899999976158142,0.20000000298023224,0.17000000178813934,0.18000000715255737,236068800,0.0,0.0,115807763.8017869
2023-06-23,,643376440.0,0.17000000178813934,0.1899999976158142,0.1599999964237213,0.17000000178813934,144855400,0.0,0.0,109373995.95044672
2023-06-26,,643376440.0,0.1599999964237213,0.20000000298023224,0.1599999964237213,0.17000000178813934,205901200,0.0,0.0,109373995.95044672
2023-06-27,,643376440.0,0.18000000715255737,0.18000000715255737,0.14000000059604645,0.14000000059604645,433085400,0.0,0.0,90072701.98348224
2023-06-28,,643376440.0,0.11999999731779099,0.12999999523162842,0.10000000149011612,0.10999999940395355,409336900,0.0,0.0,70771408.01651776
2023-06-29,,643376440.0,0.11999999731779099,0.12999999523162842,0.10999999940395355,0.11999999731779099,387332500,0.0,0.0,77205171.07432991
2023-06-30,,643376440.0,0.10999999940395355,0.10999999940395355,0.10000000149011612,0.10999999940395355,280823700,0.0,0.0,70771408.01651776
2023-07-03,,643376440.0,0.10849999636411667,0.11500000208616257,0.10000000149011612,0.10090000182390213,223973193,0.0,0.0,64916683.96945566
