date,insider,insider_first,insider_last,insider_full_name,insider_position,transaction,type,value,shares,shares_owned,sale_price_per_share,cumulative_sales_value,cumulative_shares,Open,High,Low,Close,Volume,Dividends,Stock Splits,post_reverse_split_shares,days_since_start,cumulative_salary,total_compensation,holdings_market_value,net_worth
2021-11-15,,,,,,,,,,,,0.0,,323.75,326.75,280.0,295.5,61384,0.0,0.0,,0,0.0,0.0,,
2021-11-16,,,,,,,,,,,,0.0,,305.0,344.5,286.25,328.5,141584,0.0,0.0,,1,2054.79,2054.79,,
2021-11-17,MICHERY DAVID,David,Michery,David Michery,Chief Executive Officer,Stock Gift at price 0.00 per share.,Direct,0.0,-751865.0,7438913.0,,0.0,7438913.0,360.0,397.25,297.0,304.75,225020,0.0,0.0,297556.52,2,4109.58,4109.58,90680349.47,90684459.05
2021-11-18,,,,,,,,,,,,0.0,7438913.0,275.75,285.5,247.5,253.0,72292,0.0,0.0,297556.52,3,6164.37,6164.37,75281799.56,75287963.93
2021-11-19,,,,,,,,,,,,0.0,7438913.0,263.0,294.75,250.0,253.5,74068,0.0,0.0,297556.52,4,8219.16,8219.16,75430577.82000001,75438796.98
2021-11-22,,,,,,,,,,,,0.0,7438913.0,266.5,267.5,202.5,211.5,96792,0.0,0.0,297556.52,7,14383.529999999999,14383.529999999999,62933203.980000004,62947587.510000005
2021-11-23,,,,,,,,,,,,0.0,7438913.0,208.5,235.75,206.75,217.75,38976,0.0,0.0,297556.52,8,16438.32,16438.32,64792932.230000004,64809370.550000004
2021-11-24,,,,,,,,,,,,0.0,7438913.0,212.75,245.75,209.0,220.25,41716,0.0,0.0,297556.52,9,18493.11,18493.11,65536823.53,65555316.64
2021-11-26,MICHERY DAVID,David,Michery,David Michery,Chief Executive Officer,Stock Gift at price 0.00 per share.,Direct,0.0,-17793.0,7421120.0,,0.0,7421120.0,221.25,223.75,204.25,213.5,14160,0.0,0.0,296844.8,11,22602.69,22602.69,63376364.8,63398967.489999995
2021-11-29,,,,,,,,,,,,0.0,7421120.0,223.25,223.25,189.0,201.0,37412,0.0,0.0,296844.8,14,28767.059999999998,28767.059999999998,59665804.8,59694571.86
2021-11-30,,,,,,,,,,,,0.0,7421120.0,200.0,206.75,188.0,198.0,20784,0.0,0.0,296844.8,15,30821.85,30821.85,58775270.4,58806092.25
2021-12-01,,,,,,,,,,,,0.0,7421120.0,201.0,204.75,174.0,178.0,33076,0.0,0.0,296844.8,16,32876.64,32876.64,52838374.4,52871251.04
2021-12-02,,,,,,,,,,,,0.0,7421120.0,175.0,178.0,150.0,164.75,31544,0.0,0.0,296844.8,17,34931.43,34931.43,48905180.8,48940112.23
2021-12-03,,,,,,,,,,,,0.0,7421120.0,171.5,177.25,157.0,165.5,30156,0.0,0.0,296844.8,18,36986.22,36986.22,49127814.4,49164800.62
2021-12-06,,,,,,,,,,,,0.0,7421120.0,165.5,170.75,153.75,168.5,23040,0.0,0.0,296844.8,21,43150.59,43150.59,50018348.8,50061499.39
2021-12-07,,,,,,,,,,,,0.0,7421120.0,168.25,178.75,156.5,174.25,46576,0.0,0.0,296844.8,22,45205.38,45205.38,51725206.4,51770411.78
2021-12-08,,,,,,,,,,,,0.0,7421120.0,175.75,187.5,172.5,177.75,26020,0.0,0.0,296844.8,23,47260.17,47260.17,52764163.199999996,52811423.37
2021-12-09,,,,,,,,,,,,0.0,7421120.0,175.25,178.75,159.0,161.5,19400,0.0,0.0,296844.8,24,49314.96,49314.96,47940435.199999996,47989750.16
2021-12-10,,,,,,,,,,,,0.0,7421120.0,162.25,166.5,158.0,160.25,24292,0.0,0.0,296844.8,25,51369.75,51369.75,47569379.199999996,47620748.949999996
2021-12-13,,,,,,,,,,,,0.0,7421120.0,159.25,161.25,138.0,143.25,31832,0.0,0.0,296844.8,28,57534.119999999995,57534.119999999995,42523017.6,42580551.72
2021-12-14,,,,,,,,,,,,0.0,7421120.0,143.5,152.5,136.25,138.75,43496,0.0,0.0,296844.8,29,59588.909999999996,59588.909999999996,41187216.0,41246804.91
2021-12-15,,,,,,,,,,,,0.0,7421120.0,137.5,145.0,127.0,138.25,28168,0.0,0.0,296844.8,30,61643.7,61643.7,41038793.6,41100437.300000004
2021-12-16,,,,,,,,,,,,0.0,7421120.0,140.0,140.25,130.5,132.0,15228,0.0,0.0,296844.8,31,63698.49,63698.49,39183513.6,39247212.09
2021-12-17,,,,,,,,,,,,0.0,7421120.0,128.75,144.75,123.0,143.5,38500,0.0,0.0,296844.8,32,65753.28,65753.28,42597228.8,42662982.08
2021-12-20,,,,,,,,,,,,0.0,7421120.0,136.5,141.75,127.5,134.0,20324,0.0,0.0,296844.8,35,71917.65,71917.65,39777203.199999996,39849120.849999994
2021-12-21,,,,,,,,,,,,0.0,7421120.0,134.75,146.5,134.75,142.75,23740,0.0,0.0,296844.8,36,73972.44,73972.44,42374595.199999996,42448567.63999999
2021-12-22,,,,,,,,,,,,0.0,7421120.0,141.75,148.75,137.75,145.75,18252,0.0,0.0,296844.8,37,76027.23,76027.23,43265129.6,43341156.83
2021-12-23,,,,,,,,,,,,0.0,7421120.0,146.25,151.25,141.25,146.5,25664,0.0,0.0,296844.8,38,78082.02,78082.02,43487763.199999996,43565845.22
2021-12-27,,,,,,,,,,,,0.0,7421120.0,145.25,148.25,138.0,142.75,21436,0.0,0.0,296844.8,42,86301.18,86301.18,42374595.199999996,42460896.379999995
2021-12-28,,,,,,,,,,,,0.0,7421120.0,131.75,140.75,131.75,135.5,21884,0.0,0.0,296844.8,43,88355.97,88355.97,40222470.4,40310826.37
2021-12-29,,,,,,,,,,,,0.0,7421120.0,133.25,135.75,123.75,127.25,25252,0.0,0.0,296844.8,44,90410.76,90410.76,37773500.8,37863911.559999995
2021-12-30,,,,,,,,,,,,0.0,7421120.0,126.25,134.0,125.5,130.5,21988,0.0,0.0,296844.8,45,92465.55,92465.55,38738246.4,38830711.949999996
2021-12-31,,,,,,,,,,,,0.0,7421120.0,130.0,136.25,124.5,130.75,20848,0.0,0.0,296844.8,46,94520.34,94520.34,38812457.6,38906977.940000005
2022-01-03,,,,,,,,,,,,0.0,7421120.0,131.5,146.5,131.5,145.25,16924,0.0,0.0,296844.8,49,100684.70999999999,100684.70999999999,43116707.199999996,43217391.91
2022-01-04,,,,,,,,,,,,0.0,7421120.0,145.5,146.0,133.25,140.25,9368,0.0,0.0,296844.8,50,102739.5,102739.5,41632483.199999996,41735222.699999996
2022-01-05,,,,,,,,,,,,0.0,7421120.0,137.5,140.5,125.0,125.75,21344,0.0,0.0,296844.8,51,104794.29,104794.29,37328233.6,37433027.89
2022-01-06,,,,,,,,,,,,0.0,7421120.0,135.0,136.25,122.25,124.75,91292,0.0,0.0,296844.8,52,106849.08,106849.08,37031388.8,37138237.879999995
2022-01-07,,,,,,,,,,,,0.0,7421120.0,123.25,124.75,116.25,117.5,23932,0.0,0.0,296844.8,53,108903.87,108903.87,34879264.0,34988167.87
2022-01-10,,,,,,,,,,,,0.0,7421120.0,114.75,116.0,106.75,113.75,12860,0.0,0.0,296844.8,56,115068.23999999999,115068.23999999999,33766096.0,33881164.24
2022-01-11,,,,,,,,,,,,0.0,7421120.0,112.5,115.5,100.0,104.0,27496,0.0,0.0,296844.8,57,117123.03,117123.03,30871859.2,30988982.23
2022-01-12,,,,,,,,,,,,0.0,7421120.0,106.75,109.75,100.25,107.75,13136,0.0,0.0,296844.8,58,119177.81999999999,119177.81999999999,31985027.2,32104205.02
2022-01-13,,,,,,,,,,,,0.0,7421120.0,104.25,108.75,101.5,102.75,17408,0.0,0.0,296844.8,59,121232.61,121232.61,30500803.2,30622035.81
2022-01-14,,,,,,,,,,,,0.0,7421120.0,101.5,104.5,95.25,100.75,14108,0.0,0.0,296844.8,60,123287.4,123287.4,29907113.599999998,30030400.999999996
2022-01-18,MICHERY DAVID,David,Michery,David Michery,Chief Executive Officer,Stock Award(Grant) at price 0.00 per share.,Direct,0.0,1000000.0,8421120.0,,0.0,8421120.0,98.0,100.75,92.25,92.75,13340,0.0,0.0,336844.8,64,131506.56,131506.56,31242355.2,31373861.759999998
2022-01-18,MICHERY DAVID,David,Michery,David Michery,Chief Executive Officer,Sale at price 3.88 per share.,Direct,116550.0,-30000.0,8391120.0,3.885,116550.0,8391120.0,98.0,100.75,92.25,92.75,13340,0.0,0.0,335644.8,64,131506.56,248056.56,31131055.2,31379111.759999998
2022-01-19,,,,,,,,,,,,116550.0,8391120.0,93.75,96.25,88.5,93.25,11680,0.0,0.0,335644.8,65,133561.35,250111.35,31298877.599999998,31548988.95
2022-01-20,,,,,,,,,,,,116550.0,8391120.0,93.75,99.75,91.0,92.25,8292,0.0,0.0,335644.8,66,135616.13999999998,252166.13999999998,30963232.8,31215398.94
2022-01-21,,,,,,,,,,,,116550.0,8391120.0,91.5,94.25,85.0,85.0,11560,0.0,0.0,335644.8,67,137670.93,254220.93,28529808.0,28784028.93
2022-01-24,,,,,,,,,,,,116550.0,8391120.0,81.25,85.5,75.5,85.5,11048,0.0,0.0,335644.8,70,143835.3,260385.3,28697630.4,28958015.7
2022-01-25,,,,,,,,,,,,116550.0,8391120.0,81.75,86.25,79.25,82.75,8788,0.0,0.0,335644.8,71,145890.09,262440.08999999997,27774607.2,28037047.29
2022-01-26,,,,,,,,,,,,116550.0,8391120.0,87.5,88.75,77.75,79.5,18336,0.0,0.0,335644.8,72,147944.88,264494.88,26683761.599999998,26948256.479999997
2022-01-27,,,,,,,,,,,,116550.0,8391120.0,80.75,81.25,71.5,72.75,13340,0.0,0.0,335644.8,73,149999.66999999998,266549.67,24418159.2,24684708.87
2022-01-28,,,,,,,,,,,,116550.0,8391120.0,72.75,73.75,68.5,71.0,18312,0.0,0.0,335644.8,74,152054.46,268604.45999999996,23830780.8,24099385.26
2022-01-31,,,,,,,,,,,,116550.0,8391120.0,72.5,81.0,71.75,80.5,15688,0.0,0.0,335644.8,77,158218.83,274768.82999999996,27019406.4,27294175.229999997
2022-02-01,,,,,,,,,,,,116550.0,8391120.0,83.75,93.25,81.75,89.0,19508,0.0,0.0,335644.8,78,160273.62,276823.62,29872387.2,30149210.82
2022-02-02,,,,,,,,,,,,116550.0,8391120.0,90.0,91.75,74.75,76.25,14148,0.0,0.0,335644.8,79,162328.41,278878.41000000003,25592916.0,25871794.41
2022-02-03,,,,,,,,,,,,116550.0,8391120.0,74.25,74.75,67.5,68.25,15668,0.0,0.0,335644.8,80,164383.2,280933.2,22907757.599999998,23188690.799999997
2022-02-04,,,,,,,,,,,,116550.0,8391120.0,68.5,69.0,63.25,64.25,21764,0.0,0.0,335644.8,81,166437.99,282987.99,21565178.4,21848166.389999997
2022-02-07,,,,,,,,,,,,116550.0,8391120.0,63.5,65.75,54.5,55.75,64076,0.0,0.0,335644.8,84,172602.36,289152.36,18712197.599999998,19001349.959999997
2022-02-08,,,,,,,,,,,,116550.0,8391120.0,55.75,55.75,51.75,53.25,46916,0.0,0.0,335644.8,85,174657.15,291207.15,17873085.599999998,18164292.749999996
2022-02-09,,,,,,,,,,,,116550.0,8391120.0,55.0,56.25,46.0,47.0,127708,0.0,0.0,335644.8,86,176711.94,293261.94,15775305.6,16068567.54
2022-02-10,,,,,,,,,,,,116550.0,8391120.0,46.75,50.25,42.5,43.25,118900,0.0,0.0,335644.8,87,178766.73,295316.73,14516637.6,14811954.33
2022-02-11,,,,,,,,,,,,116550.0,8391120.0,42.25,43.0,31.25,33.5,242756,0.0,0.0,335644.8,88,180821.52,297371.52,11244100.799999999,11541472.319999998
2022-02-14,,,,,,,,,,,,116550.0,8391120.0,33.25,34.0,26.25,26.75,274600,0.0,0.0,335644.8,91,186985.88999999998,303535.89,8978498.4,9282034.290000001
2022-02-15,,,,,,,,,,,,116550.0,8391120.0,27.75,28.75,25.25,25.75,404208,0.0,0.0,335644.8,92,189040.68,305590.68,8642853.6,8948444.28
2022-02-16,,,,,,,,,,,,116550.0,8391120.0,24.0,24.75,20.0,21.75,727184,0.0,0.0,335644.8,93,191095.47,307645.47,7300274.399999999,7607919.869999999
2022-02-17,,,,,,,,,,,,116550.0,8391120.0,22.25,23.25,19.25,19.5,729192,0.0,0.0,335644.8,94,193150.26,309700.26,6545073.6,6854773.859999999
2022-02-18,,,,,,,,,,,,116550.0,8391120.0,18.75,19.0,15.25,15.75,1173416,0.0,0.0,335644.8,95,195205.05,311755.05,5286405.6,5598160.649999999
2022-02-22,,,,,,,,,,,,116550.0,8391120.0,16.0,20.0,14.75,15.25,2326864,0.0,0.0,335644.8,99,203424.21,319974.20999999996,5118583.2,5438557.41
2022-02-23,,,,,,,,,,,,116550.0,8391120.0,18.75,20.0,15.5,15.75,4084276,0.0,0.0,335644.8,100,205479.0,322029.0,5286405.6,5608434.6
2022-02-24,,,,,,,,,,,,116550.0,8391120.0,13.25,15.5,13.0,15.5,1889960,0.0,0.0,335644.8,101,207533.79,324083.79000000004,5202494.399999999,5526578.1899999995
2022-02-25,,,,,,,,,,,,116550.0,8391120.0,17.75,21.0,16.25,17.25,4301240,0.0,0.0,335644.8,102,209588.58,326138.57999999996,5789872.8,6116011.38
2022-02-28,,,,,,,,,,,,116550.0,8391120.0,25.0,48.75,23.75,42.25,25260392,0.0,0.0,335644.8,105,215752.94999999998,332302.94999999995,14180992.799999999,14513295.749999998
2022-03-01,,,,,,,,,,,,116550.0,8391120.0,42.5,44.0,21.5,25.75,20161708,0.0,0.0,335644.8,106,217807.74,334357.74,8642853.6,8977211.34
2022-03-02,,,,,,,,,,,,116550.0,8391120.0,28.0,29.5,22.75,24.5,7699688,0.0,0.0,335644.8,107,219862.53,336412.53,8223297.6,8559710.129999999
2022-03-03,,,,,,,,,,,,116550.0,8391120.0,24.25,25.5,21.75,22.25,5796916,0.0,0.0,335644.8,108,221917.32,338467.32,7468096.8,7806564.12
2022-03-04,,,,,,,,,,,,116550.0,8391120.0,23.0,23.75,18.25,19.75,6206048,0.0,0.0,335644.8,109,223972.11,340522.11,6628984.8,6969506.91
2022-03-07,,,,,,,,,,,,116550.0,8391120.0,19.25,30.5,19.0,26.5,10316520,0.0,0.0,335644.8,112,230136.47999999998,346686.48,8894587.2,9241273.68
2022-03-08,,,,,,,,,,,,116550.0,8391120.0,30.25,36.0,25.5,31.0,8595672,0.0,0.0,335644.8,113,232191.27,348741.27,10404988.799999999,10753730.069999998
2022-03-09,,,,,,,,,,,,116550.0,8391120.0,31.25,33.0,27.75,28.75,4425972,0.0,0.0,335644.8,114,234246.06,350796.06,9649788.0,10000584.06
2022-03-10,,,,,,,,,,,,116550.0,8391120.0,28.5,28.75,25.0,26.75,3434884,0.0,0.0,335644.8,115,236300.85,352850.85,8978498.4,9331349.25
2022-03-11,,,,,,,,,,,,116550.0,8391120.0,25.25,37.5,23.5,33.75,10060524,0.0,0.0,335644.8,116,238355.63999999998,354905.64,11328012.0,11682917.64
2022-03-14,,,,,,,,,,,,116550.0,8391120.0,45.25,52.25,38.5,44.25,21308672,0.0,0.0,335644.8,119,244520.01,361070.01,14852282.4,15213352.41
2022-03-15,,,,,,,,,,,,116550.0,8391120.0,41.5,49.0,39.25,40.0,9180376,0.0,0.0,335644.8,120,246574.8,363124.8,13425792.0,13788916.8
2022-03-16,MICHERY DAVID,David,Michery,David Michery,Chief Executive Officer,Sale at price 1.65 - 1.66 per share.,Direct,330731.0,-200000.0,8191120.0,1.653655,447281.0,8191120.0,41.0,44.5,38.0,43.75,6316580,0.0,0.0,327644.8,121,248629.59,695910.59,14334460.0,15030370.59
2022-03-17,,,,,,,,,,,,447281.0,8191120.0,52.75,67.0,49.75,61.0,20592892,0.0,0.0,327644.8,122,250684.38,697965.38,19986332.8,20684298.18
2022-03-18,,,,,,,,,,,,447281.0,8191120.0,56.25,80.0,54.75,72.5,18137984,0.0,0.0,327644.8,123,252739.16999999998,700020.1699999999,23754248.0,24454268.17
2022-03-21,,,,,,,,,,,,447281.0,8191120.0,87.5,104.5,70.5,80.25,22035648,0.0,0.0,327644.8,126,258903.54,706184.54,26293495.2,26999679.74
2022-03-22,MICHERY DAVID,David,Michery,David Michery,Chief Executive Officer,Stock Gift at price 0.00 per share.,Direct,0.0,-428382.0,7762738.0,,447281.0,7762738.0,74.75,90.0,70.75,82.75,10497428,0.0,0.0,310509.52,127,260958.33,708239.33,25694662.78,26402902.11
2022-03-23,,,,,,,,,,,,447281.0,7762738.0,81.0,87.25,76.75,77.75,6386752,0.0,0.0,310509.52,128,263013.12,710294.12,24142115.18,24852409.3
2022-03-24,MICHERY DAVID,David,Michery,David Michery,Chief Executive Officer,Stock Award(Grant) at price 0.00 per share.,Direct,0.0,1198328.0,8961066.0,,447281.0,8961066.0,79.0,82.0,73.25,75.0,5098508,0.0,0.0,358442.64,129,265067.91,712348.9099999999,26883198.0,27595546.91
2022-03-25,,,,,,,,,,,,447281.0,8961066.0,70.25,72.5,56.5,58.75,7344040,0.0,0.0,358442.64,130,267122.7,714403.7,21058505.1,21772908.8
2022-03-28,MICHERY DAVID,David,Michery,David Michery,Chief Executive Officer,Sale at price 2.48 - 2.55 per share.,Direct,744116.0,-300000.0,8661066.0,2.4803866666666665,1191397.0,8661066.0,61.75,69.5,60.0,61.25,5954472,0.0,0.0,346442.64,133,273287.07,1464684.07,21219611.7,22684295.77
2022-03-29,,,,,,,,,,,,1191397.0,8661066.0,63.75,64.25,55.75,58.75,3008564,0.0,0.0,346442.64,134,275341.86,1466738.8599999999,20353505.1,21820243.96
2022-03-30,,,,,,,,,,,,1191397.0,8661066.0,56.75,78.75,55.0,75.75,13667364,0.0,0.0,346442.64,135,277396.65,1468793.65,26243029.98,27711823.63
2022-03-31,,,,,,,,,,,,1191397.0,8661066.0,80.25,86.25,71.75,74.5,10432860,0.0,0.0,346442.64,136,279451.44,1470848.44,25809976.68,27280825.12
2022-04-01,,,,,,,,,,,,1191397.0,8661066.0,69.5,73.75,65.75,71.75,4626172,0.0,0.0,346442.64,137,281506.23,1472903.23,24857259.42,26330162.650000002
2022-04-04,,,,,,,,,,,,1191397.0,8661066.0,75.5,78.0,71.25,71.5,3640504,0.0,0.0,346442.64,140,287670.6,1479067.6,24770648.76,26249716.360000003
2022-04-05,,,,,,,,,,,,1191397.0,8661066.0,69.25,72.25,66.75,68.0,3056952,0.0,0.0,346442.64,141,289725.39,1481122.3900000001,23558099.52,25039221.91
2022-04-06,,,,,,,,,,,,1191397.0,8661066.0,66.0,69.25,61.25,66.25,3516220,0.0,0.0,346442.64,142,291780.18,1483177.18,22951824.900000002,24435002.080000002
2022-04-07,,,,,,,,,,,,1191397.0,8661066.0,63.0,65.5,56.75,59.5,3230124,0.0,0.0,346442.64,143,293834.97,1485231.97,20613337.080000002,22098569.05
2022-04-08,,,,,,,,,,,,1191397.0,8661066.0,55.25,69.25,53.75,62.75,5714856,0.0,0.0,346442.64,144,295889.76,1487286.76,21739275.66,23226562.42
2022-04-11,,,,,,,,,,,,1191397.0,8661066.0,62.75,71.25,62.0,66.5,3359392,0.0,0.0,346442.64,147,302054.13,1493451.13,23038435.560000002,24531886.69
2022-04-12,,,,,,,,,,,,1191397.0,8661066.0,67.0,67.75,60.5,61.75,2133536,0.0,0.0,346442.64,148,304108.92,1495505.92,21392833.02,22888338.939999998
2022-04-13,,,,,,,,,,,,1191397.0,8661066.0,60.5,63.25,58.25,60.0,1666476,0.0,0.0,346442.64,149,306163.71,1497560.71,20786558.400000002,22284119.110000003
2022-04-14,,,,,,,,,,,,1191397.0,8661066.0,58.25,59.25,52.75,54.0,2194524,0.0,0.0,346442.64,150,308218.5,1499615.5,18707902.560000002,20207518.060000002
2022-04-18,,,,,,,,,,,,1191397.0,8661066.0,54.25,54.25,44.0,46.0,4358880,0.0,0.0,346442.64,154,316437.66,1507834.66,15936361.440000001,17444196.1
2022-04-19,,,,,,,,,,,,1191397.0,8661066.0,44.25,45.25,42.0,42.25,2857852,0.0,0.0,346442.64,155,318492.45,1509889.45,14637201.540000001,16147090.99
2022-04-20,,,,,,,,,,,,1191397.0,8661066.0,41.5,41.75,33.5,35.25,4780244,0.0,0.0,346442.64,156,320547.24,1511944.24,12212103.06,13724047.3
2022-04-21,,,,,,,,,,,,1191397.0,8661066.0,41.0,41.25,33.25,35.0,4941712,0.0,0.0,346442.64,157,322602.02999999997,1513999.03,12125492.4,13639491.43
2022-04-22,,,,,,,,,,,,1191397.0,8661066.0,34.0,38.75,33.25,37.0,2585360,0.0,0.0,346442.64,158,324656.82,1516053.82,12818377.68,14334431.5
2022-04-25,,,,,,,,,,,,1191397.0,8661066.0,34.5,38.5,34.0,34.75,2559496,0.0,0.0,346442.64,161,330821.19,1522218.19,12038881.74,13561099.93
2022-04-26,,,,,,,,,,,,1191397.0,8661066.0,35.0,35.75,31.25,32.25,2040556,0.0,0.0,346442.64,162,332875.98,1524272.98,11172775.14,12697048.120000001
2022-04-27,,,,,,,,,,,,1191397.0,8661066.0,31.5,35.5,31.25,33.75,1615572,0.0,0.0,346442.64,163,334930.77,1526327.77,11692439.1,13218766.87
2022-04-28,,,,,,,,,,,,1191397.0,8661066.0,34.25,34.75,32.5,34.0,1230020,0.0,0.0,346442.64,164,336985.56,1528382.56,11779049.76,13307432.32
2022-04-29,,,,,,,,,,,,1191397.0,8661066.0,33.5,36.25,32.0,33.0,1376908,0.0,0.0,346442.64,165,339040.35,1530437.35,11432607.120000001,12963044.47
2022-05-02,,,,,,,,,,,,1191397.0,8661066.0,33.75,34.25,30.0,32.25,1725112,0.0,0.0,346442.64,168,345204.72,1536601.72,11172775.14,12709376.860000001
2022-05-03,,,,,,,,,,,,1191397.0,8661066.0,32.25,33.75,31.25,33.25,1750168,0.0,0.0,346442.64,169,347259.51,1538656.51,11519217.780000001,13057874.290000001
2022-05-04,,,,,,,,,,,,1191397.0,8661066.0,32.75,32.75,30.25,32.25,1700336,0.0,0.0,346442.64,170,349314.3,1540711.3,11172775.14,12713486.440000001
2022-05-05,,,,,,,,,,,,1191397.0,8661066.0,32.25,37.25,30.75,32.75,3783296,0.0,0.0,346442.64,171,351369.08999999997,1542766.0899999999,11345996.46,12888762.55
2022-05-06,,,,,,,,,,,,1191397.0,8661066.0,32.0,32.25,29.25,30.0,2071068,0.0,0.0,346442.64,172,353423.88,1544820.88,10393279.200000001,11938100.080000002
2022-05-09,,,,,,,,,,,,1191397.0,8661066.0,28.5,29.0,25.75,27.0,1702372,0.0,0.0,346442.64,175,359588.25,1550985.25,9353951.280000001,10904936.530000001
2022-05-10,,,,,,,,,,,,1191397.0,8661066.0,28.5,28.5,23.5,23.75,2337408,0.0,0.0,346442.64,176,361643.04,1553040.04,8228012.7,9781052.74
2022-05-11,,,,,,,,,,,,1191397.0,8661066.0,22.5,23.25,19.75,20.0,2468252,0.0,0.0,346442.64,177,363697.83,1555094.83,6928852.800000001,8483947.63
2022-05-12,,,,,,,,,,,,1191397.0,8661066.0,19.5,24.0,19.0,21.75,2856972,0.0,0.0,346442.64,178,365752.62,1557149.62,7535127.42,9092277.04
2022-05-13,,,,,,,,,,,,1191397.0,8661066.0,25.5,27.0,23.0,24.75,4583256,0.0,0.0,346442.64,179,367807.41,1559204.41,8574455.34,10133659.75
2022-05-16,,,,,,,,,,,,1191397.0,8661066.0,25.75,29.5,24.75,29.25,2656080,0.0,0.0,346442.64,182,373971.77999999997,1565368.78,10133447.22,11698816.0
2022-05-17,,,,,,,,,,,,1191397.0,8661066.0,30.0,31.25,27.0,28.5,2266728,0.0,0.0,346442.64,183,376026.57,1567423.57,9873615.24,11441038.81
2022-05-18,,,,,,,,,,,,1191397.0,8661066.0,26.75,28.5,25.75,26.25,1633044,0.0,0.0,346442.64,184,378081.36,1569478.3599999999,9094119.3,10663597.66
2022-05-19,,,,,,,,,,,,1191397.0,8661066.0,25.25,27.25,24.5,25.5,1717496,0.0,0.0,346442.64,185,380136.14999999997,1571533.15,8834287.32,10405820.47
2022-05-20,,,,,,,,,,,,1191397.0,8661066.0,25.75,27.5,24.5,27.5,2048580,0.0,0.0,346442.64,186,382190.94,1573587.94,9527172.6,11100760.54
2022-05-23,MICHERY DAVID,David,Michery,David Michery,Chief Executive Officer,Sale at price 1.01 per share.,Direct,760875.0,-750000.0,7911066.0,1.0145,1952272.0,7911066.0,26.75,26.75,25.0,26.25,1238716,0.0,0.0,316442.64,189,388355.31,2340627.31,8306619.300000001,10647246.610000001
2022-05-24,,,,,,,,,,,,1952272.0,7911066.0,25.5,26.0,23.75,25.0,1235328,0.0,0.0,316442.64,190,390410.1,2342682.1,7911066.0,10253748.1
2022-05-25,,,,,,,,,,,,1952272.0,7911066.0,24.75,26.0,24.75,25.5,1081284,0.0,0.0,316442.64,191,392464.89,2344736.89,8069287.32,10414024.21
2022-05-26,,,,,,,,,,,,1952272.0,7911066.0,25.0,26.25,24.5,24.5,1315008,0.0,0.0,316442.64,192,394519.68,2346791.68,7752844.680000001,10099636.360000001
2022-05-27,,,,,,,,,,,,1952272.0,7911066.0,25.0,25.75,23.75,24.25,1494256,0.0,0.0,316442.64,193,396574.47,2348846.4699999997,7673734.0200000005,10022580.49
2022-05-31,,,,,,,,,,,,1952272.0,7911066.0,30.5,39.0,29.25,35.0,12507476,0.0,0.0,316442.64,197,404793.63,2357065.63,11075492.4,13432558.030000001
2022-06-01,,,,,,,,,,,,1952272.0,7911066.0,37.25,42.0,35.0,35.5,9328672,0.0,0.0,316442.64,198,406848.42,2359120.42,11233713.72,13592834.14
2022-06-02,,,,,,,,,,,,1952272.0,7911066.0,32.0,33.25,30.0,30.75,3569840,0.0,0.0,316442.64,199,408903.21,2361175.21,9730611.18,12091786.39
2022-06-03,,,,,,,,,,,,1952272.0,7911066.0,32.25,35.0,31.0,31.75,3823584,0.0,0.0,316442.64,200,410958.0,2363230.0,10047053.82,12410283.82
2022-06-06,,,,,,,,,,,,1952272.0,7911066.0,35.75,38.5,33.75,34.5,4830984,0.0,0.0,316442.64,203,417122.37,2369394.37,10917271.08,13286665.45
2022-06-07,,,,,,,,,,,,1952272.0,7911066.0,32.75,34.25,32.0,33.5,2183712,0.0,0.0,316442.64,204,419177.16,2371449.16,10600828.440000001,12972277.600000001
2022-06-08,,,,,,,,,,,,1952272.0,7911066.0,32.5,34.5,31.0,32.0,2039652,0.0,0.0,316442.64,205,421231.95,2373503.95,10126164.48,12499668.43
2022-06-09,,,,,,,,,,,,1952272.0,7911066.0,31.75,32.0,29.5,30.0,1676548,0.0,0.0,316442.64,206,423286.74,2375558.74,9493279.200000001,11868837.940000001
2022-06-10,,,,,,,,,,,,1952272.0,7911066.0,28.25,30.25,28.0,28.5,1629412,0.0,0.0,316442.64,207,425341.52999999997,2377613.53,9018615.24,11396228.77
2022-06-13,,,,,,,,,,,,1952272.0,7911066.0,25.0,27.75,25.0,26.25,1726656,0.0,0.0,316442.64,210,431505.89999999997,2383777.9,8306619.300000001,10690397.200000001
2022-06-14,,,,,,,,,,,,1952272.0,7911066.0,26.75,27.0,25.5,26.75,1307312,0.0,0.0,316442.64,211,433560.69,2385832.69,8464840.620000001,10850673.31
2022-06-15,MICHERY DAVID,David,Michery,David Michery,Chief Executive Officer,Sale at price 1.10 per share.,Direct,165255.0,-150000.0,7761066.0,1.1017,2117527.0,7761066.0,28.0,29.25,27.0,29.0,1627776,0.0,0.0,310442.64,212,435615.48,2553142.48,9002836.56,11555979.040000001
2022-06-16,,,,,,,,,,,,2117527.0,7761066.0,28.25,32.0,27.5,31.25,2271520,0.0,0.0,310442.64,213,437670.27,2555197.27,9701332.5,12256529.77
2022-06-17,,,,,,,,,,,,2117527.0,7761066.0,31.0,34.75,30.25,33.0,2342340,0.0,0.0,310442.64,214,439725.06,2557252.06,10244607.120000001,12801859.180000002
2022-06-21,,,,,,,,,,,,2117527.0,7761066.0,34.75,40.75,34.75,38.0,4094140,0.0,0.0,310442.64,218,447944.22,2565471.2199999997,11796820.32,14362291.54
2022-06-22,,,,,,,,,,,,2117527.0,7761066.0,41.25,42.75,37.75,40.0,3705112,0.0,0.0,310442.64,219,449999.01,2567526.01,12417705.600000001,14985231.610000001
2022-06-23,,,,,,,,,,,,2117527.0,7761066.0,38.0,39.25,34.0,36.5,2925296,0.0,0.0,310442.64,220,452053.8,2569580.8,11331156.360000001,13900737.16
2022-06-24,,,,,,,,,,,,2117527.0,7761066.0,36.0,36.5,34.25,36.5,1955676,0.0,0.0,310442.64,221,454108.58999999997,2571635.59,11331156.360000001,13902791.950000001
2022-06-27,,,,,,,,,,,,2117527.0,7761066.0,38.0,38.0,32.5,32.75,2345704,0.0,0.0,310442.64,224,460272.95999999996,2577799.96,10166996.46,12744796.420000002
2022-06-28,,,,,,,,,,,,2117527.0,7761066.0,31.25,31.75,29.0,30.5,2061272,0.0,0.0,310442.64,225,462327.75,2579854.75,9468500.52,12048355.27
2022-06-29,MICHERY DAVID,David,Michery,David Michery,Chief Executive Officer,Sale at price 1.12 per share.,Direct,391965.0,-350000.0,7411066.0,1.1199,2509492.0,7411066.0,29.25,29.25,27.5,28.25,2244068,0.0,0.0,296442.64,226,464382.54,2973874.54,8374504.58,11348379.120000001
2022-06-30,MICHERY DAVID,David,Michery,David Michery,Chief Executive Officer,Stock Gift at price 0.00 per share.,Direct,0.0,-441097.0,6969969.0,,2509492.0,6969969.0,30.25,30.5,25.5,25.5,5023376,0.0,0.0,278798.76,227,466437.33,2975929.33,7109368.38,10085297.71
2022-07-01,,,,,,,,,,,,2509492.0,6969969.0,24.25,27.5,22.5,27.0,2473276,0.0,0.0,278798.76,228,468492.12,2977984.12,7527566.5200000005,10505550.64
2022-07-05,,,,,,,,,,,,2509492.0,6969969.0,26.25,26.5,24.25,24.75,1639584,0.0,0.0,278798.76,232,476711.27999999997,2986203.28,6900269.3100000005,9886472.59
2022-07-06,,,,,,,,,,,,2509492.0,6969969.0,25.25,25.75,25.0,25.5,926900,0.0,0.0,278798.76,233,478766.07,2988258.07,7109368.38,10097626.45
2022-07-07,,,,,,,,,,,,2509492.0,6969969.0,25.0,27.0,24.25,26.75,1485168,0.0,0.0,278798.76,234,480820.86,2990312.86,7457866.83,10448179.69
2022-07-08,,,,,,,,,,,,2509492.0,6969969.0,26.0,31.75,26.0,29.25,3025612,0.0,0.0,278798.76,235,482875.64999999997,2992367.65,8154863.73,11147231.38
2022-07-11,,,,,,,,,,,,2509492.0,6969969.0,34.5,35.0,29.5,30.5,5399200,0.0,0.0,278798.76,238,489040.02,2998532.02,8503362.18,11501894.2
2022-07-12,,,,,,,,,,,,2509492.0,6969969.0,28.75,30.25,27.25,27.75,1868408,0.0,0.0,278798.76,239,491094.81,3000586.81,7736665.59,10737252.4
2022-07-13,,,,,,,,,,,,2509492.0,6969969.0,26.5,28.75,26.5,27.25,1243052,0.0,0.0,278798.76,240,493149.6,3002641.6,7597266.21,10599907.81
2022-07-14,,,,,,,,,,,,2509492.0,6969969.0,27.25,27.25,25.75,26.25,1229832,0.0,0.0,278798.76,241,495204.39,3004696.39,7318467.45,10323163.84
2022-07-15,,,,,,,,,,,,2509492.0,6969969.0,26.5,28.25,26.5,27.0,1221104,0.0,0.0,278798.76,242,497259.18,3006751.18,7527566.5200000005,10534317.700000001
2022-07-18,,,,,,,,,,,,2509492.0,6969969.0,27.25,27.75,26.25,26.5,1290852,0.0,0.0,278798.76,245,503423.55,3012915.55,7388167.140000001,10401082.690000001
2022-07-19,,,,,,,,,,,,2509492.0,6969969.0,26.25,27.5,25.5,27.25,1456004,0.0,0.0,278798.76,246,505478.33999999997,3014970.34,7597266.21,10612236.55
2022-07-20,,,,,,,,,,,,2509492.0,6969969.0,26.75,28.5,26.5,27.25,1114980,0.0,0.0,278798.76,247,507533.13,3017025.13,7597266.21,10614291.34
2022-07-21,,,,,,,,,,,,2509492.0,6969969.0,27.0,27.75,26.5,27.75,857944,0.0,0.0,278798.76,248,509587.92,3019079.92,7736665.59,10755745.51
2022-07-22,,,,,,,,,,,,2509492.0,6969969.0,27.0,27.0,25.0,25.5,1675568,0.0,0.0,278798.76,249,511642.70999999996,3021134.71,7109368.38,10130503.09
2022-07-25,,,,,,,,,,,,2509492.0,6969969.0,25.5,25.75,25.0,25.5,826844,0.0,0.0,278798.76,252,517807.08,3027299.08,7109368.38,10136667.46
2022-07-26,,,,,,,,,,,,2509492.0,6969969.0,25.0,25.25,20.5,21.75,4139904,0.0,0.0,278798.76,253,519861.87,3029353.87,6063873.03,9093226.9
2022-07-27,,,,,,,,,,,,2509492.0,6969969.0,22.25,22.75,20.5,21.75,2170904,0.0,0.0,278798.76,254,521916.66,3031408.66,6063873.03,9095281.690000001
2022-07-28,,,,,,,,,,,,2509492.0,6969969.0,21.0,21.0,20.0,20.25,1793840,0.0,0.0,278798.76,255,523971.45,3033463.45,5645674.890000001,8679138.34
2022-07-29,,,,,,,,,,,,2509492.0,6969969.0,20.25,20.25,19.0,19.75,1632328,0.0,0.0,278798.76,256,526026.24,3035518.24,5506275.51,8541793.75
2022-08-01,,,,,,,,,,,,2509492.0,6969969.0,19.5,23.0,19.0,21.75,3075224,0.0,0.0,278798.76,259,532190.61,3041682.61,6063873.03,9105555.64
2022-08-02,,,,,,,,,,,,2509492.0,6969969.0,21.25,23.75,20.75,23.0,2148292,0.0,0.0,278798.76,260,534245.4,3043737.4,6412371.48,9456108.88
2022-08-03,,,,,,,,,,,,2509492.0,6969969.0,23.25,24.0,22.75,23.0,1680384,0.0,0.0,278798.76,261,536300.19,3045792.19,6412371.48,9458163.67
2022-08-04,,,,,,,,,,,,2509492.0,6969969.0,22.5,23.25,20.25,21.0,3151256,0.0,0.0,278798.76,262,538354.98,3047846.98,5854773.96,8902620.94
2022-08-05,,,,,,,,,,,,2509492.0,6969969.0,21.0,22.25,20.75,21.25,1261336,0.0,0.0,278798.76,263,540409.77,3049901.77,5924473.65,8974375.42
2022-08-08,,,,,,,,,,,,2509492.0,6969969.0,20.25,21.25,19.5,20.0,2976672,0.0,0.0,278798.76,266,546574.14,3056066.14,5575975.2,8632041.34
2022-08-09,,,,,,,,,,,,2509492.0,6969969.0,20.5,20.5,19.5,19.75,1507280,0.0,0.0,278798.76,267,548628.9299999999,3058120.9299999997,5506275.51,8564396.44
2022-08-10,,,,,,,,,,,,2509492.0,6969969.0,20.0,20.5,19.5,20.25,2627772,0.0,0.0,278798.76,268,550683.72,3060175.7199999997,5645674.890000001,8705850.61
2022-08-11,,,,,,,,,,,,2509492.0,6969969.0,20.5,20.75,19.75,20.5,2095608,0.0,0.0,278798.76,269,552738.51,3062230.51,5715374.58,8777605.09
2022-08-12,,,,,,,,,,,,2509492.0,6969969.0,20.25,21.5,19.5,20.75,3604700,0.0,0.0,278798.76,270,554793.3,3064285.3,5785074.2700000005,8849359.57
2022-08-15,,,,,,,,,,,,2509492.0,6969969.0,21.25,23.25,21.25,22.75,4531324,0.0,0.0,278798.76,273,560957.67,3070449.67,6342671.79,9413121.46
2022-08-16,,,,,,,,,,,,2509492.0,6969969.0,22.75,22.75,20.5,22.25,3951724,0.0,0.0,278798.76,274,563012.46,3072504.46,6203272.41,9275776.870000001
2022-08-17,,,,,,,,,,,,2509492.0,6969969.0,21.5,21.75,20.75,21.0,3192908,0.0,0.0,278798.76,275,565067.25,3074559.25,5854773.96,8929333.21
2022-08-18,,,,,,,,,,,,2509492.0,6969969.0,21.0,21.0,20.0,20.25,1775272,0.0,0.0,278798.76,276,567122.04,3076614.04,5645674.890000001,8722288.93
2022-08-19,,,,,,,,,,,,2509492.0,6969969.0,20.0,20.25,18.75,18.75,2810536,0.0,0.0,278798.76,277,569176.83,3078668.83,5227476.75,8306145.58
2022-08-22,,,,,,,,,,,,2509492.0,6969969.0,19.75,20.25,17.5,17.75,3955368,0.0,0.0,278798.76,280,575341.2,3084833.2,4948677.99,8033511.19
2022-08-23,,,,,,,,,,,,2509492.0,6969969.0,17.75,18.5,16.75,17.0,1941476,0.0,0.0,278798.76,281,577395.99,3086887.99,4739578.92,7826466.91
2022-08-24,,,,,,,,,,,,2509492.0,6969969.0,17.5,18.0,17.25,17.5,2739328,0.0,0.0,278798.76,282,579450.78,3088942.7800000003,4878978.3,7967921.08
2022-08-25,,,,,,,,,,,,2509492.0,6969969.0,18.0,18.0,15.75,16.75,3533424,0.0,0.0,278798.76,283,581505.57,3090997.57,4669879.23,7760876.800000001
2022-08-26,,,,,,,,,,,,2509492.0,6969969.0,17.25,17.25,15.75,16.0,3763216,0.0,0.0,278798.76,284,583560.36,3093052.36,4460780.16,7553832.52
2022-08-29,,,,,,,,,,,,2509492.0,6969969.0,15.75,16.5,15.25,15.5,2618552,0.0,0.0,278798.76,287,589724.73,3099216.73,4321380.78,7420597.51
2022-08-30,,,,,,,,,,,,2509492.0,6969969.0,16.0,16.0,15.0,16.0,3131484,0.0,0.0,278798.76,288,591779.52,3101271.52,4460780.16,7562051.68
2022-08-31,,,,,,,,,,,,2509492.0,6969969.0,16.0,18.5,15.75,16.75,5055620,0.0,0.0,278798.76,289,593834.3099999999,3103326.31,4669879.23,7773205.540000001
2022-09-01,,,,,,,,,,,,2509492.0,6969969.0,17.25,17.25,15.25,16.0,3660212,0.0,0.0,278798.76,290,595889.1,3105381.1,4460780.16,7566161.26
2022-09-02,,,,,,,,,,,,2509492.0,6969969.0,16.25,16.25,15.25,15.75,2614796,0.0,0.0,278798.76,291,597943.89,3107435.89,4391080.47,7498516.359999999
2022-09-06,,,,,,,,,,,,2509492.0,6969969.0,16.0,17.5,15.0,16.5,4064316,0.0,0.0,278798.76,295,606163.05,3115655.05,4600179.54,7715834.59
2022-09-07,,,,,,,,,,,,2509492.0,6969969.0,16.0,17.25,16.0,16.75,2180336,0.0,0.0,278798.76,296,608217.84,3117709.84,4669879.23,7787589.07
2022-09-08,,,,,,,,,,,,2509492.0,6969969.0,18.25,19.75,15.0,15.25,7899684,0.0,0.0,278798.76,297,610272.63,3119764.63,4251681.09,7371445.72
2022-09-09,,,,,,,,,,,,2509492.0,6969969.0,15.75,16.0,13.25,14.0,13921744,0.0,0.0,278798.76,298,612327.42,3121819.42,3903182.64,7025002.0600000005
2022-09-12,,,,,,,,,,,,2509492.0,6969969.0,14.25,14.75,13.5,14.5,5552512,0.0,0.0,278798.76,301,618491.79,3127983.79,4042582.02,7170565.8100000005
2022-09-13,,,,,,,,,,,,2509492.0,6969969.0,13.75,14.0,13.25,13.5,3202212,0.0,0.0,278798.76,302,620546.58,3130038.58,3763783.2600000002,6893821.84
2022-09-14,,,,,,,,,,,,2509492.0,6969969.0,13.25,13.75,13.0,13.25,2419940,0.0,0.0,278798.76,303,622601.37,3132093.37,3694083.5700000003,6826176.94
2022-09-15,,,,,,,,,,,,2509492.0,6969969.0,13.25,14.25,13.25,13.5,3757852,0.0,0.0,278798.76,304,624656.16,3134148.16,3763783.2600000002,6897931.42
2022-09-16,,,,,,,,,,,,2509492.0,6969969.0,13.25,13.25,12.5,12.5,4965076,0.0,0.0,278798.76,305,626710.95,3136202.95,3484984.5,6621187.45
2022-09-19,,,,,,,,,,,,2509492.0,6969969.0,12.5,12.5,11.5,11.5,3618908,0.0,0.0,278798.76,308,632875.32,3142367.32,3206185.74,6348553.0600000005
2022-09-20,,,,,,,,,,,,2509492.0,6969969.0,11.75,12.0,10.75,11.0,2824308,0.0,0.0,278798.76,309,634930.11,3144422.11,3066786.3600000003,6211208.470000001
2022-09-21,MICHERY DAVID,David,Michery,David Michery,Chief Executive Officer,Stock Award(Grant) at price 0.00 per share.,Direct,0.0,9623820.0,16593789.0,,2509492.0,16593789.0,10.75,11.0,10.0,10.25,3633928,0.0,0.0,663751.56,310,636984.9,3146476.9,6803453.49,9949930.39
2022-09-22,MICHERY DAVID,David,Michery,David Michery,Chief Executive Officer,Sale at price 0.40 per share.,Direct,297375.0,-750000.0,15843789.0,0.3965,2806867.0,15843789.0,10.25,10.25,9.0,9.25,3415036,0.0,0.0,633751.56,311,639039.69,3445906.69,5862201.930000001,9308108.620000001
2022-09-23,,,,,,,,,,,,2806867.0,15843789.0,8.5,11.0,8.25,10.0,6452056,0.0,0.0,633751.56,312,641094.48,3447961.48,6337515.600000001,9785477.08
2022-09-26,,,,,,,,,,,,2806867.0,15843789.0,10.25,10.25,8.5,8.5,4323400,0.0,0.0,633751.56,315,647258.85,3454125.85,5386888.260000001,8841014.110000001
2022-09-27,,,,,,,,,,,,2806867.0,15843789.0,8.75,9.0,8.0,8.25,3670608,0.0,0.0,633751.56,316,649313.64,3456180.64,5228450.37,8684631.01
2022-09-28,,,,,,,,,,,,2806867.0,15843789.0,8.25,9.25,8.0,9.0,2902396,0.0,0.0,633751.56,317,651368.4299999999,3458235.4299999997,5703764.040000001,9161999.47
2022-09-29,,,,,,,,,,,,2806867.0,15843789.0,8.75,8.75,8.25,8.5,1946984,0.0,0.0,633751.56,318,653423.22,3460290.2199999997,5386888.260000001,8847178.48
2022-09-30,,,,,,,,,,,,2806867.0,15843789.0,8.5,8.5,8.0,8.25,2834184,0.0,0.0,633751.56,319,655478.01,3462345.01,5228450.37,8690795.379999999
2022-10-03,,,,,,,,,,,,2806867.0,15843789.0,8.25,8.25,7.75,8.0,2310328,0.0,0.0,633751.56,322,661642.38,3468509.38,5070012.48,8538521.86
2022-10-04,,,,,,,,,,,,2806867.0,15843789.0,8.5,9.0,8.25,9.0,3113676,0.0,0.0,633751.56,323,663697.17,3470564.17,5703764.040000001,9174328.21
2022-10-05,,,,,,,,,,,,2806867.0,15843789.0,8.75,8.75,8.0,8.5,2143724,0.0,0.0,633751.56,324,665751.96,3472618.96,5386888.260000001,8859507.22
2022-10-06,,,,,,,,,,,,2806867.0,15843789.0,8.5,8.75,8.25,8.25,1602124,0.0,0.0,633751.56,325,667806.75,3474673.75,5228450.37,8703124.120000001
2022-10-07,,,,,,,,,,,,2806867.0,15843789.0,8.25,8.25,7.5,7.5,2196336,0.0,0.0,633751.56,326,669861.54,3476728.54,4753136.7,8229865.24
2022-10-10,,,,,,,,,,,,2806867.0,15843789.0,7.5,7.5,6.0,6.5,5267616,0.0,0.0,633751.56,329,676025.91,3482892.91,4119385.1400000006,7602278.050000001
2022-10-11,,,,,,,,,,,,2806867.0,15843789.0,6.75,6.75,6.25,6.25,2687772,0.0,0.0,633751.56,330,678080.7,3484947.7,3960947.2500000005,7445894.950000001
2022-10-12,MICHERY DAVID,David,Michery,David Michery,Chief Executive Officer,Stock Award(Grant) at price 0.00 per share.,Direct,0.0,45884344.0,61728133.0,,2806867.0,61728133.0,6.25,6.5,6.0,6.25,2135052,0.0,0.0,2469125.32,331,680135.49,3487002.49,15432033.249999998,18919035.74
2022-10-13,MICHERY DAVID,David,Michery,David Michery,Chief Executive Officer,Stock Gift at price 0.00 per share.,Direct,0.0,-17953738.0,43774395.0,,2806867.0,43774395.0,6.0,6.25,5.75,6.0,2345884,0.0,0.0,1750975.8,332,682190.28,3489057.2800000003,10505854.8,13994912.080000002
2022-10-14,,,,,,,,,,,,2806867.0,43774395.0,6.25,6.75,5.75,5.75,3101088,0.0,0.0,1750975.8,333,684245.07,3491112.07,10068110.85,13559222.92
2022-10-17,,,,,,,,,,,,2806867.0,43774395.0,6.0,6.25,5.75,5.75,2239800,0.0,0.0,1750975.8,336,690409.44,3497276.44,10068110.85,13565387.29
2022-10-18,,,,,,,,,,,,2806867.0,43774395.0,6.0,6.25,5.25,5.5,4148660,0.0,0.0,1750975.8,337,692464.23,3499331.23,9630366.9,13129698.13
2022-10-19,,,,,,,,,,,,2806867.0,43774395.0,5.5,10.25,5.5,8.5,26352352,0.0,0.0,1750975.8,338,694519.02,3501386.02,14883294.3,18384680.32
2022-10-20,,,,,,,,,,,,2806867.0,43774395.0,10.25,11.5,8.5,8.75,14298104,0.0,0.0,1750975.8,339,696573.8099999999,3503440.81,15321038.25,18824479.06
2022-10-21,,,,,,,,,,,,2806867.0,43774395.0,8.75,9.5,8.0,9.5,7856760,0.0,0.0,1750975.8,340,698628.6,3505495.6,16634270.1,20139765.7
2022-10-24,,,,,,,,,,,,2806867.0,43774395.0,11.75,13.5,11.25,12.5,20371164,0.0,0.0,1750975.8,343,704792.97,3511659.9699999997,21887197.5,25398857.47
2022-10-25,,,,,,,,,,,,2806867.0,43774395.0,15.0,15.25,11.5,12.75,18466960,0.0,0.0,1750975.8,344,706847.76,3513714.76,22324941.45,25838656.21
2022-10-26,,,,,,,,,,,,2806867.0,43774395.0,12.75,14.0,11.75,13.5,11174052,0.0,0.0,1750975.8,345,708902.5499999999,3515769.55,23638173.3,27153942.85
2022-10-27,,,,,,,,,,,,2806867.0,43774395.0,14.0,14.75,13.0,13.5,10955504,0.0,0.0,1750975.8,346,710957.34,3517824.34,23638173.3,27155997.64
2022-10-28,,,,,,,,,,,,2806867.0,43774395.0,12.25,13.25,11.75,13.0,7589232,0.0,0.0,1750975.8,347,713012.13,3519879.13,22762685.400000002,26282564.53
2022-10-31,,,,,,,,,,,,2806867.0,43774395.0,12.75,13.5,11.75,12.0,6226868,0.0,0.0,1750975.8,350,719176.5,3526043.5,21011709.6,24537753.1
2022-11-01,,,,,,,,,,,,2806867.0,43774395.0,11.0,11.5,9.75,10.0,7590968,0.0,0.0,1750975.8,351,721231.29,3528098.29,17509758.0,21037856.29
2022-11-02,,,,,,,,,,,,2806867.0,43774395.0,9.75,10.25,8.75,9.0,10154796,0.0,0.0,1750975.8,352,723286.08,3530153.08,15758782.200000001,19288935.28
2022-11-03,,,,,,,,,,,,2806867.0,43774395.0,8.5,9.0,7.5,7.5,9274860,0.0,0.0,1750975.8,353,725340.87,3532207.87,13132318.5,16664526.370000001
2022-11-04,,,,,,,,,,,,2806867.0,43774395.0,7.5,7.5,6.75,7.0,10728972,0.0,0.0,1750975.8,354,727395.66,3534262.66,12256830.6,15791093.26
2022-11-07,,,,,,,,,,,,2806867.0,43774395.0,7.0,7.0,6.25,6.75,6829868,0.0,0.0,1750975.8,357,733560.03,3540427.0300000003,11819086.65,15359513.68
2022-11-08,,,,,,,,,,,,2806867.0,43774395.0,6.5,7.5,6.5,7.0,9234640,0.0,0.0,1750975.8,358,735614.82,3542481.82,12256830.6,15799312.42
2022-11-09,MICHERY DAVID,David,Michery,David Michery,Chief Executive Officer,Stock Award(Grant) at price 0.00 per share.,Direct,0.0,24623002.0,68397397.0,,2806867.0,68397397.0,8.0,8.0,6.75,6.75,9677784,0.0,0.0,2735895.88,359,737669.61,3544536.61,18467297.189999998,22011833.799999997
2022-11-09,MICHERY DAVID,David,Michery,David Michery,Chief Executive Officer,Stock Gift at price 0.00 per share.,Direct,0.0,-12311501.0,56085896.0,,2806867.0,56085896.0,8.0,8.0,6.75,6.75,9677784,0.0,0.0,2243435.84,359,737669.61,3544536.61,15143191.919999998,18687728.529999997
2022-11-10,,,,,,,,,,,,2806867.0,56085896.0,7.25,8.25,6.75,8.25,9035112,0.0,0.0,2243435.84,360,739724.4,3546591.4,18508345.68,22054937.08
2022-11-11,,,,,,,,,,,,2806867.0,56085896.0,7.75,8.25,7.25,7.75,7716300,0.0,0.0,2243435.84,361,741779.19,3548646.19,17386627.759999998,20935273.95
2022-11-14,,,,,,,,,,,,2806867.0,56085896.0,7.75,8.0,7.25,7.5,6136336,0.0,0.0,2243435.84,364,747943.5599999999,3554810.56,16825768.799999997,20380579.359999996
2022-11-15,,,,,,,,,,,,2806867.0,56085896.0,7.75,7.75,7.25,7.25,6748176,0.0,0.0,2243435.84,365,749998.35,3556865.35,16264909.84,19821775.19
2022-11-16,,,,,,,,,,,,2806867.0,56085896.0,7.0,7.25,6.5,6.75,6549900,0.0,0.0,2243435.84,366,752053.14,3558920.14,15143191.919999998,18702112.06
2022-11-17,,,,,,,,,,,,2806867.0,56085896.0,7.25,8.25,6.75,6.75,9437656,0.0,0.0,2243435.84,367,754107.9299999999,3560974.9299999997,15143191.919999998,18704166.849999998
2022-11-18,,,,,,,,,,,,2806867.0,56085896.0,7.0,7.0,6.75,6.75,5124872,0.0,0.0,2243435.84,368,756162.72,3563029.7199999997,15143191.919999998,18706221.639999997
2022-11-21,,,,,,,,,,,,2806867.0,56085896.0,6.75,6.75,6.25,6.5,6395268,0.0,0.0,2243435.84,371,762327.09,3569194.09,14582332.959999999,18151527.049999997
2022-11-22,,,,,,,,,,,,2806867.0,56085896.0,6.0,6.25,5.75,5.75,6382364,0.0,0.0,2243435.84,372,764381.88,3571248.88,12899756.079999998,16471004.959999997
2022-11-23,,,,,,,,,,,,2806867.0,56085896.0,5.75,6.0,5.0,5.0,11122212,0.0,0.0,2243435.84,373,766436.67,3573303.67,11217179.2,14790482.87
2022-11-25,,,,,,,,,,,,2806867.0,56085896.0,5.25,5.25,4.75,5.0,6731316,0.0,0.0,2243435.84,375,770546.25,3577413.25,11217179.2,14794592.45
2022-11-28,,,,,,,,,,,,2806867.0,56085896.0,5.0,5.0,4.75,4.75,4944404,0.0,0.0,2243435.84,378,776710.62,3583577.62,10656320.239999998,14239897.86
2022-11-29,,,,,,,,,,,,2806867.0,56085896.0,5.0,5.25,4.75,5.0,7552268,0.0,0.0,2243435.84,379,778765.41,3585632.41,11217179.2,14802811.61
2022-11-30,MICHERY DAVID,David,Michery,David Michery,Chief Executive Officer,Stock Award(Grant) at price 0.00 per share.,Direct,0.0,28765426.0,84851322.0,,2806867.0,84851322.0,5.0,5.0,4.5,4.75,7652396,0.0,0.0,3394052.88,380,780820.2,3587687.2,16121751.18,19709438.38
2022-11-30,MICHERY DAVID,David,Michery,David Michery,Chief Executive Officer,Stock Gift at price 0.00 per share.,Direct,0.0,-5300000.0,79551322.0,,2806867.0,79551322.0,5.0,5.0,4.5,4.75,7652396,0.0,0.0,3182052.88,380,780820.2,3587687.2,15114751.18,18702438.38
2022-12-01,MICHERY DAVID,David,Michery,David Michery,Chief Executive Officer,Stock Gift at price 0.00 per share.,Direct,0.0,-50000.0,79501322.0,,2806867.0,79501322.0,5.5,6.0,5.25,5.5,15811232,0.0,0.0,3180052.88,381,782874.99,3589741.99,17490290.84,21080032.83
2022-12-02,,,,,,,,,,,,2806867.0,79501322.0,5.0,5.25,5.0,5.0,7069500,0.0,0.0,3180052.88,382,784929.78,3591796.7800000003,15900264.399999999,19492061.18
2022-12-05,,,,,,,,,,,,2806867.0,79501322.0,5.25,5.25,4.75,5.0,4658700,0.0,0.0,3180052.88,385,791094.15,3597961.15,15900264.399999999,19498225.549999997
2022-12-06,,,,,,,,,,,,2806867.0,79501322.0,5.0,5.0,4.75,4.75,4436104,0.0,0.0,3180052.88,386,793148.94,3600015.94,15105251.18,18705267.12
2022-12-07,,,,,,,,,,,,2806867.0,79501322.0,4.5,5.0,4.5,4.75,4618268,0.0,0.0,3180052.88,387,795203.73,3602070.73,15105251.18,18707321.91
2022-12-08,,,,,,,,,,,,2806867.0,79501322.0,5.0,5.25,4.75,4.75,5545192,0.0,0.0,3180052.88,388,797258.52,3604125.52,15105251.18,18709376.7
2022-12-09,,,,,,,,,,,,2806867.0,79501322.0,5.0,5.0,4.75,5.0,4110984,0.0,0.0,3180052.88,389,799313.3099999999,3606180.31,15900264.399999999,19506444.709999997
2022-12-12,,,,,,,,,,,,2806867.0,79501322.0,5.0,5.0,4.75,4.75,3456160,0.0,0.0,3180052.88,392,805477.6799999999,3612344.6799999997,15105251.18,18717595.86
2022-12-13,,,,,,,,,,,,2806867.0,79501322.0,5.25,5.75,5.0,5.25,9906168,0.0,0.0,3180052.88,393,807532.47,3614399.4699999997,16695277.62,20309677.09
2022-12-14,,,,,,,,,,,,2806867.0,79501322.0,5.75,6.75,5.75,6.5,16277484,0.0,0.0,3180052.88,394,809587.26,3616454.26,20670343.72,24286797.979999997
2022-12-15,,,,,,,,,,,,2806867.0,79501322.0,8.0,10.0,6.75,7.75,25203916,0.0,0.0,3180052.88,395,811642.0499999999,3618509.05,24645409.82,28263918.87
2022-12-16,,,,,,,,,,,,2806867.0,79501322.0,8.25,8.5,7.0,7.5,13877028,0.0,0.0,3180052.88,396,813696.84,3620563.84,23850396.599999998,27470960.439999998
2022-12-19,,,,,,,,,,,,2806867.0,79501322.0,7.25,7.25,6.5,6.75,6547164,0.0,0.0,3180052.88,399,819861.21,3626728.21,21465356.939999998,25092085.15
2022-12-20,,,,,,,,,,,,2806867.0,79501322.0,6.5,6.5,5.5,5.75,9140376,0.0,0.0,3180052.88,400,821916.0,3628783.0,18285304.06,21914087.06
2022-12-21,,,,,,,,,,,,2806867.0,79501322.0,5.5,6.0,5.25,5.5,5953988,0.0,0.0,3180052.88,401,823970.79,3630837.79,17490290.84,21121128.63
2022-12-22,,,,,,,,,,,,2806867.0,79501322.0,6.25,6.5,5.75,5.75,6792124,0.0,0.0,3180052.88,402,826025.58,3632892.58,18285304.06,21918196.64
2022-12-23,,,,,,,,,,,,2806867.0,79501322.0,6.0,6.0,5.5,5.75,5016236,0.0,0.0,3180052.88,403,828080.37,3634947.37,18285304.06,21920251.43
2022-12-27,,,,,,,,,,,,2806867.0,79501322.0,5.5,5.75,5.25,5.5,4310812,0.0,0.0,3180052.88,407,836299.53,3643166.5300000003,17490290.84,21133457.37
2022-12-28,,,,,,,,,,,,2806867.0,79501322.0,5.25,5.5,5.0,5.25,4755636,0.0,0.0,3180052.88,408,838354.32,3645221.32,16695277.62,20340498.939999998
2022-12-29,,,,,,,,,,,,2806867.0,79501322.0,5.75,6.75,5.5,6.5,8895940,0.0,0.0,3180052.88,409,840409.11,3647276.11,20670343.72,24317619.83
2022-12-30,,,,,,,,,,,,2806867.0,79501322.0,6.5,7.75,6.5,7.25,8325968,0.0,0.0,3180052.88,410,842463.9,3649330.9,23055383.38,26704714.279999997
2023-01-03,,,,,,,,,,,,2806867.0,79501322.0,8.0,8.25,7.25,8.0,8868112,0.0,0.0,3180052.88,414,850683.0599999999,3657550.06,25440423.04,29097973.099999998
2023-01-04,,,,,,,,,,,,2806867.0,79501322.0,7.75,8.5,7.0,8.5,8378784,0.0,0.0,3180052.88,415,852737.85,3659604.85,27030449.48,30690054.330000002
2023-01-05,,,,,,,,,,,,2806867.0,79501322.0,8.75,11.25,8.5,10.5,21657496,0.0,0.0,3180052.88,416,854792.64,3661659.64,33390555.24,37052214.879999995
2023-01-06,,,,,,,,,,,,2806867.0,79501322.0,10.25,12.0,9.25,9.5,23639784,0.0,0.0,3180052.88,417,856847.4299999999,3663714.4299999997,30210502.36,33874216.79
2023-01-09,,,,,,,,,,,,2806867.0,79501322.0,8.75,10.0,8.25,9.25,9323240,0.0,0.0,3180052.88,420,863011.7999999999,3669878.8,29415489.14,33085367.94
2023-01-10,,,,,,,,,,,,2806867.0,79501322.0,9.25,9.75,9.0,9.5,6393864,0.0,0.0,3180052.88,421,865066.59,3671933.59,30210502.36,33882435.95
2023-01-11,,,,,,,,,,,,2806867.0,79501322.0,9.75,10.25,9.5,10.0,7999676,0.0,0.0,3180052.88,422,867121.38,3673988.38,31800528.799999997,35474517.18
2023-01-12,,,,,,,,,,,,2806867.0,79501322.0,10.0,10.25,9.0,9.75,9121536,0.0,0.0,3180052.88,423,869176.17,3676043.17,31005515.58,34681558.75
2023-01-13,,,,,,,,,,,,2806867.0,79501322.0,9.5,9.75,8.75,9.0,8498560,0.0,0.0,3180052.88,424,871230.96,3678097.96,28620475.919999998,32298573.88
2023-01-17,MICHERY DAVID,David,Michery,David Michery,Chief Executive Officer,Other,Direct,0.0,-1456779.0,78044543.0,,2806867.0,78044543.0,7.75,8.75,7.5,7.5,9936116,0.0,0.0,3121781.72,428,879450.12,3686317.12,23413362.900000002,27099680.020000003
2023-01-18,MICHERY DAVID,David,Michery,David Michery,Chief Executive Officer,Stock Award(Grant) at price 0.00 per share.,Direct,0.0,33873263.0,111917806.0,,2806867.0,111917806.0,7.75,8.0,7.0,7.0,7777708,0.0,0.0,4476712.24,429,881504.91,3688371.91,31336985.68,35025357.59
2023-01-19,,,,,,,,,,,,2806867.0,111917806.0,6.75,7.0,6.25,6.75,7490876,0.0,0.0,4476712.24,430,883559.7,3690426.7,30217807.62,33908234.32
2023-01-20,,,,,,,,,,,,2806867.0,111917806.0,7.0,8.0,6.5,7.5,11245552,0.0,0.0,4476712.24,431,885614.49,3692481.49,33575341.800000004,37267823.29000001
2023-01-23,,,,,,,,,,,,2806867.0,111917806.0,7.5,8.0,7.5,7.5,7559276,0.0,0.0,4476712.24,434,891778.86,3698645.86,33575341.800000004,37273987.660000004
2023-01-24,,,,,,,,,,,,2806867.0,111917806.0,7.5,7.75,7.25,7.25,7122124,0.0,0.0,4476712.24,435,893833.65,3700700.65,32456163.740000002,36156864.39
2023-01-25,,,,,,,,,,,,2806867.0,111917806.0,7.25,9.0,7.0,8.75,16211528,0.0,0.0,4476712.24,436,895888.44,3702755.44,39171232.1,42873987.54
2023-01-26,,,,,,,,,,,,2806867.0,111917806.0,8.75,9.0,8.0,8.0,9235104,0.0,0.0,4476712.24,437,897943.23,3704810.23,35813697.92,39518508.15
2023-01-27,,,,,,,,,,,,2806867.0,111917806.0,8.0,8.75,8.0,8.25,9888060,0.0,0.0,4476712.24,438,899998.02,3706865.02,36932875.980000004,40639741.00000001
2023-01-30,,,,,,,,,,,,2806867.0,111917806.0,8.25,8.5,8.0,8.25,4741008,0.0,0.0,4476712.24,441,906162.39,3713029.39,36932875.980000004,40645905.370000005
2023-01-31,,,,,,,,,,,,2806867.0,111917806.0,8.25,9.0,8.25,8.5,8722352,0.0,0.0,4476712.24,442,908217.1799999999,3715084.1799999997,38052054.04,41767138.22
2023-02-01,,,,,,,,,,,,2806867.0,111917806.0,8.5,9.0,8.25,8.75,6038536,0.0,0.0,4476712.24,443,910271.97,3717138.9699999997,39171232.1,42888371.07
2023-02-02,,,,,,,,,,,,2806867.0,111917806.0,9.5,10.25,9.0,9.5,11626380,0.0,0.0,4476712.24,444,912326.76,3719193.76,42528766.28,46247960.04
2023-02-03,,,,,,,,,,,,2806867.0,111917806.0,10.25,11.25,9.75,10.25,11268192,0.0,0.0,4476712.24,445,914381.5499999999,3721248.55,45886300.46,49607549.01
2023-02-06,,,,,,,,,,,,2806867.0,111917806.0,10.75,11.25,10.25,10.5,6182892,0.0,0.0,4476712.24,448,920545.9199999999,3727412.92,47005478.52,50732891.440000005
2023-02-07,,,,,,,,,,,,2806867.0,111917806.0,10.5,11.0,9.25,10.25,6941580,0.0,0.0,4476712.24,449,922600.71,3729467.71,45886300.46,49615768.17
2023-02-08,,,,,,,,,,,,2806867.0,111917806.0,10.5,10.5,9.75,9.75,5068808,0.0,0.0,4476712.24,450,924655.5,3731522.5,43647944.34,47379466.84
2023-02-09,,,,,,,,,,,,2806867.0,111917806.0,10.0,10.0,8.75,9.0,5507308,0.0,0.0,4476712.24,451,926710.29,3733577.29,40290410.160000004,44023987.45
2023-02-10,,,,,,,,,,,,2806867.0,111917806.0,8.75,9.25,8.25,9.0,4441764,0.0,0.0,4476712.24,452,928765.08,3735632.08,40290410.160000004,44026042.24
2023-02-13,,,,,,,,,,,,2806867.0,111917806.0,9.25,10.0,9.0,9.5,4399924,0.0,0.0,4476712.24,455,934929.45,3741796.45,42528766.28,46270562.730000004
2023-02-14,,,,,,,,,,,,2806867.0,111917806.0,9.5,9.75,9.25,9.5,3561964,0.0,0.0,4476712.24,456,936984.24,3743851.24,42528766.28,46272617.52
2023-02-15,,,,,,,,,,,,2806867.0,111917806.0,9.0,9.0,8.5,8.5,4845884,0.0,0.0,4476712.24,457,939039.03,3745906.0300000003,38052054.04,41797960.07
2023-02-16,MICHERY DAVID,David,Michery,David Michery,Chief Executive Officer,Sale at price 0.32 per share.,Direct,4726276.0,-14937660.0,96980146.0,0.3164000251712785,7533143.0,96980146.0,8.5,8.5,7.25,7.25,8802076,0.0,0.0,3879205.84,458,941093.82,8474236.82,28124242.34,36598479.16
2023-02-16,MICHERY DAVID,David,Michery,David Michery,Chief Executive Officer,Stock Award(Grant) at price 0.00 per share.,Direct,0.0,22685364.0,119665510.0,,7533143.0,119665510.0,8.5,8.5,7.25,7.25,8802076,0.0,0.0,4786620.4,458,941093.82,8474236.82,34702997.900000006,43177234.720000006
2023-02-16,MICHERY DAVID,David,Michery,David Michery,Chief Executive Officer,Other,Direct,0.0,-1000000.0,118665510.0,,7533143.0,118665510.0,8.5,8.5,7.25,7.25,8802076,0.0,0.0,4746620.4,458,941093.82,8474236.82,34412997.900000006,42887234.720000006
2023-02-16,MICHERY DAVID,David,Michery,David Michery,Chief Executive Officer,Stock Gift at price 0.00 per share.,Direct,0.0,-5000000.0,113665510.0,,7533143.0,113665510.0,8.5,8.5,7.25,7.25,8802076,0.0,0.0,4546620.4,458,941093.82,8474236.82,32962997.900000002,41437234.72
2023-02-17,,,,,,,,,,,,7533143.0,113665510.0,7.5,7.75,6.5,6.75,10437316,0.0,0.0,4546620.4,459,943148.61,8476291.61,30689687.700000003,39165979.31
2023-02-21,,,,,,,,,,,,7533143.0,113665510.0,6.5,6.75,6.0,6.25,7545448,0.0,0.0,4546620.4,463,951367.77,8484510.77,28416377.500000004,36900888.27
2023-02-22,,,,,,,,,,,,7533143.0,113665510.0,6.5,6.75,6.25,6.5,5861328,0.0,0.0,4546620.4,464,953422.5599999999,8486565.56,29553032.6,38039598.160000004
2023-02-23,,,,,,,,,,,,7533143.0,113665510.0,6.25,6.25,5.75,6.0,7337504,0.0,0.0,4546620.4,465,955477.35,8488620.35,27279722.400000002,35768342.75
2023-02-24,,,,,,,,,,,,7533143.0,113665510.0,5.75,6.0,5.75,5.75,4474744,0.0,0.0,4546620.4,466,957532.14,8490675.14,26143067.3,34633742.44
2023-02-27,,,,,,,,,,,,7533143.0,113665510.0,5.75,6.0,5.25,5.5,7278080,0.0,0.0,4546620.4,469,963696.51,8496839.51,25006412.200000003,33503251.71
2023-02-28,,,,,,,,,,,,7533143.0,113665510.0,5.5,6.25,5.25,5.75,9534396,0.0,0.0,4546620.4,470,965751.2999999999,8498894.3,26143067.3,34641961.6
2023-03-01,,,,,,,,,,,,7533143.0,113665510.0,5.75,5.75,5.5,5.5,5278352,0.0,0.0,4546620.4,471,967806.09,8500949.09,25006412.200000003,33507361.290000003
2023-03-02,,,,,,,,,,,,7533143.0,113665510.0,5.5,5.5,5.25,5.25,4641524,0.0,0.0,4546620.4,472,969860.88,8503003.88,23869757.1,32372760.980000004
2023-03-03,,,,,,,,,,,,7533143.0,113665510.0,5.5,5.5,5.25,5.5,5799376,0.0,0.0,4546620.4,473,971915.6699999999,8505058.67,25006412.200000003,33511470.870000005
2023-03-06,,,,,,,,,,,,7533143.0,113665510.0,5.75,6.0,5.75,5.75,10149876,0.0,0.0,4546620.4,476,978080.04,8511223.04,26143067.3,34654290.34
2023-03-07,,,,,,,,,,,,7533143.0,113665510.0,5.75,5.75,5.25,5.25,10127516,0.0,0.0,4546620.4,477,980134.83,8513277.83,23869757.1,32383034.93
2023-03-08,,,,,,,,,,,,7533143.0,113665510.0,5.0,5.25,4.75,4.75,10495128,0.0,0.0,4546620.4,478,982189.62,8515332.62,21596446.900000002,30111779.520000003
2023-03-09,,,,,,,,,,,,7533143.0,113665510.0,4.75,5.0,4.5,4.5,10362552,0.0,0.0,4546620.4,479,984244.41,8517387.41,20459791.8,28977179.21
2023-03-10,,,,,,,,,,,,7533143.0,113665510.0,4.5,4.75,4.0,4.25,11596560,0.0,0.0,4546620.4,480,986299.2,8519442.2,19323136.700000003,27842578.900000002
2023-03-13,,,,,,,,,,,,7533143.0,113665510.0,4.0,4.25,3.75,4.0,8486408,0.0,0.0,4546620.4,483,992463.57,8525606.57,18186481.6,26712088.17
2023-03-14,,,,,,,,,,,,7533143.0,113665510.0,4.25,4.25,3.75,4.0,7200112,0.0,0.0,4546620.4,484,994518.36,8527661.36,18186481.6,26714142.96
2023-03-15,,,,,,,,,,,,7533143.0,113665510.0,3.75,3.75,3.25,3.75,12396180,0.0,0.0,4546620.4,485,996573.15,8529716.15,17049826.5,25579542.65
2023-03-16,,,,,,,,,,,,7533143.0,113665510.0,3.5,4.0,3.5,3.75,10020624,0.0,0.0,4546620.4,486,998627.94,8531770.94,17049826.5,25581597.439999998
2023-03-17,,,,,,,,,,,,7533143.0,113665510.0,3.75,3.75,3.25,3.5,16559792,0.0,0.0,4546620.4,487,1000682.73,8533825.73,15913171.400000002,24446997.130000003
2023-03-20,,,,,,,,,,,,7533143.0,113665510.0,3.5,3.5,3.25,3.25,11500368,0.0,0.0,4546620.4,490,1006847.1,8539990.1,14776516.3,23316506.4
2023-03-21,,,,,,,,,,,,7533143.0,113665510.0,3.25,3.5,3.25,3.5,9211864,0.0,0.0,4546620.4,491,1008901.89,8542044.89,15913171.400000002,24455216.290000003
2023-03-22,,,,,,,,,,,,7533143.0,113665510.0,3.5,3.5,3.0,3.0,16629592,0.0,0.0,4546620.4,492,1010956.6799999999,8544099.68,13639861.200000001,22183960.880000003
2023-03-23,,,,,,,,,,,,7533143.0,113665510.0,3.0,3.0,2.75,2.75,13522776,0.0,0.0,4546620.4,493,1013011.47,8546154.47,12503206.100000001,21049360.57
2023-03-24,,,,,,,,,,,,7533143.0,113665510.0,2.75,2.75,2.5,2.75,7062912,0.0,0.0,4546620.4,494,1015066.26,8548209.26,12503206.100000001,21051415.36
2023-03-27,,,,,,,,,,,,7533143.0,113665510.0,2.75,3.0,2.5,2.5,16872032,0.0,0.0,4546620.4,497,1021230.63,8554373.63,11366551.0,19920924.630000003
2023-03-28,,,,,,,,,,,,7533143.0,113665510.0,2.5,2.5,2.25,2.25,18085596,0.0,0.0,4546620.4,498,1023285.4199999999,8556428.42,10229895.9,18786324.32
2023-03-29,,,,,,,,,,,,7533143.0,113665510.0,2.5,2.75,2.5,2.5,13087328,0.0,0.0,4546620.4,499,1025340.21,8558483.21,11366551.0,19925034.21
2023-03-30,,,,,,,,,,,,7533143.0,113665510.0,3.0,3.25,2.75,3.0,15906408,0.0,0.0,4546620.4,500,1027395.0,8560538.0,13639861.200000001,22200399.200000003
2023-03-31,,,,,,,,,,,,7533143.0,113665510.0,3.75,4.0,3.25,3.25,31149784,0.0,0.0,4546620.4,501,1029449.79,8562592.79,14776516.3,23339109.09
2023-04-03,,,,,,,,,,,,7533143.0,113665510.0,3.5,3.5,2.75,2.75,22327388,0.0,0.0,4546620.4,504,1035614.16,8568757.16,12503206.100000001,21071963.26
2023-04-04,,,,,,,,,,,,7533143.0,113665510.0,2.75,3.0,2.5,2.75,10406968,0.0,0.0,4546620.4,505,1037668.95,8570811.95,12503206.100000001,21074018.05
2023-04-05,,,,,,,,,,,,7533143.0,113665510.0,2.5,2.75,2.5,2.5,9691656,0.0,0.0,4546620.4,506,1039723.74,8572866.74,11366551.0,19939417.740000002
2023-04-06,,,,,,,,,,,,7533143.0,113665510.0,2.5,2.5,2.5,2.5,7223384,0.0,0.0,4546620.4,507,1041778.53,8574921.53,11366551.0,19941472.53
2023-04-10,,,,,,,,,,,,7533143.0,113665510.0,2.5,2.75,2.5,2.75,8639568,0.0,0.0,4546620.4,511,1049997.69,8583140.69,12503206.100000001,21086346.79
2023-04-11,,,,,,,,,,,,7533143.0,113665510.0,2.75,2.75,2.75,2.75,7052360,0.0,0.0,4546620.4,512,1052052.48,8585195.48,12503206.100000001,21088401.580000002
2023-04-12,,,,,,,,,,,,7533143.0,113665510.0,2.75,3.0,2.5,2.75,5582208,0.0,0.0,4546620.4,513,1054107.27,8587250.27,12503206.100000001,21090456.37
2023-04-13,,,,,,,,,,,,7533143.0,113665510.0,2.5,2.5,2.5,2.5,5076904,0.0,0.0,4546620.4,514,1056162.06,8589305.06,11366551.0,19955856.060000002
2023-04-14,,,,,,,,,,,,7533143.0,113665510.0,2.5,2.5,2.5,2.5,6879540,0.0,0.0,4546620.4,515,1058216.85,8591359.85,11366551.0,19957910.85
2023-04-17,,,,,,,,,,,,7533143.0,113665510.0,2.5,2.75,2.5,2.5,8328696,0.0,0.0,4546620.4,518,1064381.22,8597524.22,11366551.0,19964075.22
2023-04-18,,,,,,,,,,,,7533143.0,113665510.0,2.5,2.75,2.25,2.25,8404616,0.0,0.0,4546620.4,519,1066436.01,8599579.01,10229895.9,18829474.91
2023-04-19,,,,,,,,,,,,7533143.0,113665510.0,2.25,2.25,2.25,2.25,10672816,0.0,0.0,4546620.4,520,1068490.8,8601633.8,10229895.9,18831529.700000003
2023-04-20,,,,,,,,,,,,7533143.0,113665510.0,2.25,2.25,2.0,2.0,9434960,0.0,0.0,4546620.4,521,1070545.59,8603688.59,9093240.8,17696929.39
2023-04-21,,,,,,,,,,,,7533143.0,113665510.0,2.75,2.75,2.5,2.5,28932644,0.0,0.0,4546620.4,522,1072600.38,8605743.379999999,11366551.0,19972294.38
2023-04-24,,,,,,,,,,,,7533143.0,113665510.0,3.0,3.0,2.25,2.5,30287504,0.0,0.0,4546620.4,525,1078764.75,8611907.75,11366551.0,19978458.75
2023-04-25,,,,,,,,,,,,7533143.0,113665510.0,2.25,2.25,2.0,2.25,15331432,0.0,0.0,4546620.4,526,1080819.54,8613962.54,10229895.9,18843858.439999998
2023-04-26,,,,,,,,,,,,7533143.0,113665510.0,2.25,2.25,2.0,2.0,16959568,0.0,0.0,4546620.4,527,1082874.33,8616017.33,9093240.8,17709258.130000003
2023-04-27,,,,,,,,,,,,7533143.0,113665510.0,2.0,2.0,1.75,1.75,24142148,0.0,0.0,4546620.4,528,1084929.1199999999,8618072.12,7956585.700000001,16574657.82
2023-04-28,,,,,,,,,,,,7533143.0,113665510.0,1.75,2.0,1.75,2.0,26691788,0.0,0.0,4546620.4,529,1086983.91,8620126.91,9093240.8,17713367.71
2023-05-01,,,,,,,,,,,,7533143.0,113665510.0,2.0,2.25,1.75,1.75,19451624,0.0,0.0,4546620.4,532,1093148.28,8626291.28,7956585.700000001,16582876.98
2023-05-02,,,,,,,,,,,,7533143.0,113665510.0,2.0,2.5,1.75,2.0,22307068,0.0,0.0,4546620.4,533,1095203.07,8628346.07,9093240.8,17721586.87
2023-05-03,,,,,,,,,,,,7533143.0,113665510.0,2.25,2.25,1.5,1.5,4655080,0.0,0.0,4546620.4,534,1097257.8599999999,8630400.86,6819930.600000001,15450331.46
2023-05-04,,,,,,,,,,,,7533143.0,113665510.0,1.4600000381469727,1.5499999523162842,1.2599999904632568,1.4700000286102295,44482700,0.0,0.04,4546620.4,535,1099312.65,8632455.65,6683532.118079853,15315987.768079855
2023-05-05,,,,,,,,,,,,7533143.0,113665510.0,1.4700000286102295,1.5299999713897705,1.4199999570846558,1.5,18002100,0.0,0.0,4546620.4,536,1101367.44,8634510.44,6819930.600000001,15454441.04
2023-05-08,,,,,,,,,,,,7533143.0,113665510.0,1.6100000143051147,1.6200000047683716,1.3799999952316284,1.4800000190734863,28519100,0.0,0.0,4546620.4,539,1107531.81,8640674.81,6728998.278719903,15369673.088719904
2023-05-09,,,,,,,,,,,,7533143.0,113665510.0,1.4299999475479126,1.4500000476837158,1.3700000047683716,1.440000057220459,15441600,0.0,0.0,4546620.4,540,1109586.6,8642729.6,6547133.636159707,15189863.236159706
2023-05-10,,,,,,,,,,,,7533143.0,113665510.0,1.440000057220459,1.4700000286102295,1.3700000047683716,1.3899999856948853,11551900,0.0,0.0,4546620.4,541,1111641.39,8644784.39,6319802.290960074,14964586.680960074
2023-05-11,,,,,,,,,,,,7533143.0,113665510.0,1.4600000381469727,1.4700000286102295,1.3799999952316284,1.399999976158142,18973500,0.0,0.0,4546620.4,542,1113696.18,8646839.18,6365268.451600123,15012107.631600123
2023-05-12,,,,,,,,,,,,7533143.0,113665510.0,1.3600000143051147,1.3700000047683716,1.2100000381469727,1.2699999809265137,21184200,0.0,0.0,4546620.4,543,1115750.97,8648893.97,5774207.8212800985,14423101.791280098
2023-05-15,,,,,,,,,,,,7533143.0,113665510.0,1.2699999809265137,1.2799999713897705,1.2200000286102295,1.25,14834100,0.0,0.0,4546620.4,546,1121915.34,8655058.34,5683275.5,14338333.84
2023-05-16,,,,,,,,,,,,7533143.0,113665510.0,1.2599999904632568,1.2699999809265137,1.1799999475479126,1.2200000286102295,21914100,0.0,0.0,4546620.4,547,1123970.13,8657113.129999999,5546877.018079854,14203990.148079854
2023-05-17,,,,,,,,,,,,7533143.0,113665510.0,1.190000057220459,1.4900000095367432,1.1699999570846558,1.2300000190734863,57503500,0.0,0.0,4546620.4,548,1126024.92,8659167.92,5592343.178719902,14251511.098719902
2023-05-18,,,,,,,,,,,,7533143.0,113665510.0,1.2400000095367432,1.25,1.159999966621399,1.190000057220459,28176700,0.0,0.0,4546620.4,549,1128079.71,8661222.71,5410478.536159706,14071701.246159706
2023-05-19,,,,,,,,,,,,7533143.0,113665510.0,1.100000023841858,1.1100000143051147,1.0099999904632568,1.0700000524520874,34265100,0.0,0.0,4546620.4,550,1130134.5,8663277.5,4864884.066479731,13528161.566479731
2023-05-22,,,,,,,,,,,,7533143.0,113665510.0,1.0399999618530273,1.0399999618530273,0.9300000071525574,0.949999988079071,63233800,0.0,0.0,4546620.4,553,1136298.8699999999,8669441.87,4319289.325800061,12988731.19580006
2023-05-23,,,,,,,,,,,,7533143.0,113665510.0,0.9200000166893005,0.9399999976158142,0.8799999952316284,0.9100000262260437,41968500,0.0,0.0,4546620.4,554,1138353.66,8671496.66,4137424.6832398656,12808921.343239866
2023-05-24,,,,,,,,,,,,7533143.0,113665510.0,0.8700000047683716,0.8700000047683716,0.800000011920929,0.800000011920929,43785400,0.0,0.0,4546620.4,555,1140408.45,8673551.45,3637296.374199939,12310847.824199937
2023-05-25,,,,,,,,,,,,7533143.0,113665510.0,0.75,0.9900000095367432,0.7200000286102295,0.949999988079071,92726500,0.0,0.0,4546620.4,556,1142463.24,8675606.24,4319289.325800061,12994895.565800061
2023-05-26,,,,,,,,,,,,7533143.0,113665510.0,0.9300000071525574,0.9300000071525574,0.800000011920929,0.8100000023841858,55754600,0.0,0.0,4546620.4,557,1144518.03,8677661.03,3682762.534839988,12360423.564839987
2023-05-30,,,,,,,,,,,,7533143.0,113665510.0,0.8600000143051147,0.8899999856948853,0.7300000190734863,0.7599999904632568,77086100,0.0,0.0,4546620.4,561,1152737.19,8685880.19,3455431.460640049,12141311.650640048
2023-05-31,,,,,,,,,,,,7533143.0,113665510.0,0.7300000190734863,0.7599999904632568,0.7200000286102295,0.7300000190734863,27207900,0.0,0.0,4546620.4,562,1154791.98,8687934.98,3319032.978719902,12006967.958719902
2023-06-01,,,,,,,,,,,,7533143.0,113665510.0,0.7200000286102295,0.7900000214576721,0.6800000071525574,0.7400000095367432,39515700,0.0,0.0,4546620.4,563,1156846.77,8689989.77,3364499.1393599515,12054488.90935995
2023-06-02,,,,,,,,,,,,7533143.0,113665510.0,0.7200000286102295,0.7699999809265137,0.7200000286102295,0.75,16639000,0.0,0.0,4546620.4,564,1158901.56,8692044.56,3409965.3000000003,12102009.860000001
2023-06-05,,,,,,,,,,,,7533143.0,113665510.0,0.7300000190734863,0.7400000095367432,0.6800000071525574,0.699999988079071,31511400,0.0,0.0,4546620.4,567,1165065.93,8698208.93,3182634.2258000616,11880843.155800061
2023-06-06,,,,,,,,,,,,7533143.0,113665510.0,0.6600000262260437,0.6600000262260437,0.6100000143051147,0.6100000143051147,48116400,0.0,0.0,4546620.4,568,1167120.72,8700263.72,2773438.509039927,11473702.229039928
2023-06-07,,,,,,,,,,,,7533143.0,113665510.0,0.5600000023841858,0.5600000023841858,0.5099999904632568,0.5199999809265137,78231800,0.0,0.0,4546620.4,569,1169175.51,8702318.51,2364242.5212800982,11066561.031280098
2023-06-08,,,,,,,,,,,,7533143.0,113665510.0,0.5099999904632568,0.5400000214576721,0.46000000834465027,0.4699999988079071,64453200,0.0,0.0,4546620.4,570,1171230.3,8704373.3,2136911.582580006,10841284.882580006
2023-06-09,,,,,,,,,,,,7533143.0,113665510.0,0.47999998927116394,0.49000000953674316,0.41999998688697815,0.4300000071525574,69565100,0.0,0.0,4546620.4,571,1173285.09,8706428.09,1955046.8045199635,10661474.894519962
2023-06-12,,,,,,,,,,,,7533143.0,113665510.0,0.41999998688697815,0.41999998688697815,0.3799999952316284,0.38999998569488525,65200300,0.0,0.0,4546620.4,574,1179449.46,8712592.46,1773181.8909600736,10485774.350960074
2023-06-13,MICHERY DAVID,David,Michery,David Michery,Chief Executive Officer,Stock Award(Grant) at price 0.00 per share.,Direct,0.0,2632792.0,116298302.0,,7533143.0,116298302.0,0.36000001430511475,0.36000001430511475,0.3199999928474426,0.3199999928474426,100073800,0.0,0.0,4651932.08,575,1181504.25,8714647.25,1488618.2323267888,10203265.482326789
2023-06-14,,,,,,,,,,,,7533143.0,116298302.0,0.28999999165534973,0.28999999165534973,0.2199999988079071,0.23000000417232513,172612100,0.0,0.0,4651932.08,576,1183559.04,8716702.04,1069944.3978093732,9786646.437809372
2023-06-15,MICHERY DAVID,David,Michery,David Michery,Chief Executive Officer,Stock Transfer at price 0.2616 per share,Direct,547000.1064,-2090979.0,114207323.0,,7533143.0,114207323.0,0.23000000417232513,0.30000001192092896,0.20000000298023224,0.25999999046325684,399766300,0.0,0.0,4568292.92,577,1185613.83,8718756.83,1187756.1156333636,9906512.945633363
2023-06-15,MICHERY DAVID,David,Michery,David Michery,Chief Executive Officer,Stock Gift at price 0.00 per share.,Direct,0.0,541813.0,114749136.0,,7533143.0,114749136.0,0.23000000417232513,0.30000001192092896,0.20000000298023224,0.25999999046325684,399766300,0.0,0.0,4589965.44,577,1185613.83,8718756.83,1193390.9706266786,9912147.800626678
2023-06-16,,,,,,,,,,,,7533143.0,114749136.0,0.2800000011920929,0.30000001192092896,0.2199999988079071,0.23000000417232513,291824400,0.0,0.0,4589965.44,578,1187668.6199999999,8720811.62,1055692.0703508283,9776503.690350827
2023-06-20,,,,,,,,,,,,7533143.0,114749136.0,0.23999999463558197,0.23999999463558197,0.1599999964237213,0.1599999964237213,342483000,0.0,0.0,4589965.44,582,1195887.78,8729030.78,734394.4539850045,9463425.233985003
2023-06-21,,,,,,,,,,,,7533143.0,114749136.0,0.18000000715255737,0.2199999988079071,0.17000000178813934,0.20000000298023224,449997300,0.0,0.0,4589965.44,583,1197942.57,8731085.57,917993.101679163,9649078.671679163
2023-06-22,,,,,,,,,,,,7533143.0,114749136.0,0.1899999976158142,0.20000000298023224,0.17000000178813934,0.18000000715255737,236068800,0.0,0.0,4589965.44,584,1199997.3599999999,8733140.36,826193.8120299912,9559334.17202999
2023-06-23,,,,,,,,,,,,7533143.0,114749136.0,0.17000000178813934,0.1899999976158142,0.1599999964237213,0.17000000178813934,144855400,0.0,0.0,4589965.44,585,1202052.15,8735195.15,780294.1330074979,9515489.283007499
2023-06-26,,,,,,,,,,,,7533143.0,114749136.0,0.1599999964237213,0.20000000298023224,0.1599999964237213,0.17000000178813934,205901200,0.0,0.0,4589965.44,588,1208216.52,8741359.52,780294.1330074979,9521653.653007498
2023-06-27,,,,,,,,,,,,7533143.0,114749136.0,0.18000000715255737,0.18000000715255737,0.14000000059604645,0.14000000059604645,429322700,0.0,0.0,4589965.44,589,1210271.31,8743414.31,642595.1643358327,9386009.474335833
2023-06-28,,,,,,,,,,,,7533143.0,114749136.0,0.12399999797344208,0.12999999523162842,0.11110000312328339,0.11680000275373459,242115548,0.0,0.0,4589965.44,590,1212326.1,8745469.1,536107.9760315466,9281577.076031547
